{"stats":{"minecraft:mined":{"minecraft:wheat":21,"minecraft:dandelion":3,"minecraft:cornflower":1,"minecraft:torch":1,"minecraft:short_grass":8,"minecraft:grass_block":20,"minecraft:oak_log":19,"minecraft:dirt":1,"minecraft:tall_grass":1,"minecraft:oxeye_daisy":1,"minecraft:oak_leaves":1,"minecraft:wall_torch":2},"minecraft:killed_by":{"minecraft:iron_golem":1},"minecraft:used":{"minecraft:wheat_seeds":13,"minecraft:cornflower":1,"minecraft:oxeye_daisy":1,"minecraft:bread":4,"minecraft:chest":1,"minecraft:torch":3,"minecraft:diamond_chestplate":1,"minecraft:spyglass":4,"minecraft:dirt":2,"minecraft:crafting_table":2,"minecraft:diamond_helmet":1,"minecraft:oak_boat":1,"minecraft:dandelion":3},"minecraft:custom":{"minecraft:time_since_rest":36625,"minecraft:interact_with_furnace":1,"minecraft:sprint_one_cm":30491,"minecraft:damage_taken":544,"minecraft:walk_one_cm":319350,"minecraft:drop":4,"minecraft:damage_dealt":58,"minecraft:interact_with_beacon":1,"minecraft:interact_with_crafting_table":10,"minecraft:swim_one_cm":2342,"minecraft:talked_to_villager":3,"minecraft:fly_one_cm":32601,"minecraft:open_chest":5,"minecraft:crouch_one_cm":52,"minecraft:play_time":81969,"minecraft:deaths":1,"minecraft:bell_ring":2,"minecraft:sneak_time":288,"minecraft:walk_under_water_one_cm":16183,"minecraft:boat_one_cm":57839,"minecraft:jump":879,"minecraft:interact_with_brewingstand":1,"minecraft:leave_game":1,"minecraft:time_since_death":69053,"minecraft:walk_on_water_one_cm":33336,"minecraft:sleep_in_bed":4,"minecraft:total_world_time":81969,"minecraft:fall_one_cm":19259},"minecraft:dropped":{"minecraft:oak_log":1,"minecraft:oak_planks":12},"minecraft:crafted":{"minecraft:oak_boat":1,"minecraft:oak_planks":67,"minecraft:cooked_porkchop":1,"minecraft:crafting_table":2,"minecraft:bowl":4,"minecraft:chest":1,"minecraft:bread":5},"minecraft:picked_up":{"minecraft:wheat":15,"minecraft:torch":3,"minecraft:dandelion":3,"minecraft:spyglass":1,"minecraft:oak_log":20,"minecraft:cornflower":1,"minecraft:dirt":22,"minecraft:rotten_flesh":2,"minecraft:diamond_chestplate":1,"minecraft:diamond_leggings":1,"minecraft:wheat_seeds":52,"minecraft:diamond_helmet":1,"minecraft:oak_planks":12,"minecraft:iron_boots":1,"minecraft:oxeye_daisy":1}},"DataVersion":3953}