{"stats":{"minecraft:mined":{"minecraft:oak_log":6,"minecraft:oak_leaves":1},"minecraft:used":{"minecraft:crafting_table":1,"minecraft:oak_boat":1},"minecraft:custom":{"minecraft:open_chest":2,"minecraft:time_since_rest":1675,"minecraft:crouch_one_cm":32,"minecraft:interact_with_furnace":1,"minecraft:play_time":9170,"minecraft:sprint_one_cm":21045,"minecraft:walk_one_cm":22839,"minecraft:sneak_time":53,"minecraft:walk_under_water_one_cm":207,"minecraft:drop":4,"minecraft:boat_one_cm":57839,"minecraft:jump":119,"minecraft:time_since_death":9170,"minecraft:walk_on_water_one_cm":358,"minecraft:sleep_in_bed":1,"minecraft:total_world_time":9170,"minecraft:swim_one_cm":2319,"minecraft:interact_with_crafting_table":1,"minecraft:fall_one_cm":2264,"minecraft:fly_one_cm":22461},"minecraft:crafted":{"minecraft:oak_boat":1,"minecraft:oak_planks":15,"minecraft:cooked_porkchop":1,"minecraft:crafting_table":1},"minecraft:dropped":{"minecraft:oak_planks":12,"minecraft:oak_log":1},"minecraft:picked_up":{"minecraft:oak_log":7,"minecraft:oak_planks":12}},"DataVersion":3953}