{"stats":{"minecraft:broken":{"minecraft:iron_shovel":3,"minecraft:golden_pickaxe":1,"minecraft:stone_shovel":2},"minecraft:mined":{"minecraft:crying_obsidian":5,"minecraft:tuff":56,"minecraft:spruce_planks":2,"minecraft:deepslate_diamond_ore":13,"minecraft:obsidian":7,"minecraft:glow_lichen":1,"minecraft:granite":71,"minecraft:grass_block":348,"minecraft:coal_block":7,"minecraft:kelp":2,"minecraft:magma_block":2,"minecraft:redstone_ore":4,"minecraft:furnace":2,"minecraft:iron_ore":20,"minecraft:cobbled_deepslate":6,"minecraft:fire":2,"minecraft:andesite":196,"minecraft:diamond_block":4,"minecraft:deepslate_lapis_ore":9,"minecraft:dirt_path":42,"minecraft:deepslate_iron_ore":7,"minecraft:oak_stairs":1,"minecraft:stone":8176,"minecraft:bone_block":18,"minecraft:deepslate_redstone_ore":9,"minecraft:soul_sand":10,"minecraft:kelp_plant":4,"minecraft:stone_brick_slab":2,"minecraft:dandelion":1,"minecraft:crafting_table":3,"minecraft:torch":26,"minecraft:short_grass":15,"minecraft:beacon":2,"minecraft:chest":2,"minecraft:nether_quartz_ore":11,"minecraft:lightning_rod":1,"minecraft:copper_ore":29,"minecraft:tall_grass":13,"minecraft:cobblestone":80,"minecraft:lapis_ore":1,"minecraft:deepslate_gold_ore":5,"minecraft:oak_planks":3,"minecraft:diorite":64,"minecraft:wall_torch":18,"minecraft:spruce_stairs":2,"minecraft:birch_log":7,"minecraft:wheat":6,"minecraft:birch_leaves":2,"minecraft:oak_log":43,"minecraft:coal_ore":464,"minecraft:gravel":242,"minecraft:dirt":877,"minecraft:netherrack":10,"minecraft:oak_leaves":48,"minecraft:deepslate":1749,"minecraft:emerald_block":6},"minecraft:killed_by":{"minecraft:zombie":1},"minecraft:custom":{"minecraft:mob_kills":39,"minecraft:interact_with_crafting_table":49,"minecraft:leave_game":11,"minecraft:time_since_death":44250,"minecraft:climb_one_cm":176,"minecraft:sprint_one_cm":271998,"minecraft:walk_one_cm":1438113,"minecraft:drop":47,"minecraft:talked_to_villager":24,"minecraft:play_time":406482,"minecraft:sneak_time":10207,"minecraft:deaths":4,"minecraft:walk_under_water_one_cm":1203953,"minecraft:boat_one_cm":56088,"minecraft:jump":1925,"minecraft:walk_on_water_one_cm":121359,"minecraft:total_world_time":406482,"minecraft:interact_with_furnace":52,"minecraft:traded_with_villager":66,"minecraft:sleep_in_bed":4,"minecraft:time_since_rest":44287,"minecraft:damage_taken":4337,"minecraft:damage_absorbed":80,"minecraft:damage_dealt":4748,"minecraft:interact_with_beacon":23,"minecraft:swim_one_cm":119270,"minecraft:fly_one_cm":195214,"minecraft:open_chest":108,"minecraft:crouch_one_cm":5411,"minecraft:fall_one_cm":55322},"minecraft:used":{"minecraft:iron_shovel":980,"minecraft:flint_and_steel":2,"minecraft:tropical_fish":3,"minecraft:stone_shovel":267,"minecraft:oak_sign":32,"minecraft:chest":8,"minecraft:rotten_flesh":1,"minecraft:torch":223,"minecraft:soul_sand":3,"minecraft:dirt":60,"minecraft:tuff":31,"minecraft:granite":1,"minecraft:obsidian":6,"minecraft:lava_bucket":8,"minecraft:birch_chest_boat":1,"minecraft:magma_block":2,"minecraft:emerald_block":12,"minecraft:oak_sapling":5,"minecraft:furnace":6,"minecraft:netherite_pickaxe":11125,"minecraft:cooked_beef":5,"minecraft:cobbled_deepslate":174,"minecraft:cooked_mutton":5,"minecraft:wheat_seeds":6,"minecraft:water_bucket":38,"minecraft:diorite":10,"minecraft:cobblestone_stairs":21,"minecraft:oak_planks":4,"minecraft:stone_pickaxe":75,"minecraft:birch_boat":1,"minecraft:diamond_axe":1,"minecraft:beacon":3,"minecraft:golden_apple":2,"minecraft:diamond_block":7,"minecraft:crafting_table":8,"minecraft:mushroom_stew":13,"minecraft:lightning_rod":2,"minecraft:oxeye_daisy":1,"minecraft:diamond_shovel":182,"minecraft:crying_obsidian":1,"minecraft:bread":6,"minecraft:gravel":28,"minecraft:stone_axe":87,"minecraft:coal_block":28,"minecraft:cobblestone":275,"minecraft:cooked_porkchop":7,"minecraft:andesite":8,"minecraft:bucket":46,"minecraft:kelp":269,"minecraft:golden_pickaxe":32,"minecraft:bone_meal":162},"minecraft:dropped":{"minecraft:wheat_seeds":10,"minecraft:oak_pressure_plate":2,"minecraft:feather":2,"minecraft:cobblestone":559,"minecraft:mushroom_stew":1,"minecraft:stick":17,"minecraft:light_weighted_pressure_plate":1,"minecraft:dirt":3,"minecraft:diorite":1,"minecraft:cornflower":2,"minecraft:iron_shovel":2,"minecraft:paper":48,"minecraft:birch_log":1,"minecraft:dandelion":4,"minecraft:gold_ingot":1,"minecraft:gravel":4,"minecraft:stone_axe":2,"minecraft:iron_nugget":2,"minecraft:cobbled_deepslate":5,"minecraft:bowl":1,"minecraft:tuff":6,"minecraft:oak_planks":1,"minecraft:filled_map":2,"minecraft:gunpowder":2,"minecraft:beacon":2},"minecraft:crafted":{"minecraft:oak_planks":172,"minecraft:stone_shovel":2,"minecraft:coal":639,"minecraft:oak_sign":31,"minecraft:oak_pressure_plate":1,"minecraft:birch_boat":1,"minecraft:lightning_rod":1,"minecraft:furnace":5,"minecraft:cobblestone_stairs":24,"minecraft:bone_meal":147,"minecraft:diamond_shovel":1,"minecraft:cooked_mutton":5,"minecraft:diamond_block":3,"minecraft:birch_chest_boat":1,"minecraft:stone_pickaxe":1,"minecraft:chest":7,"minecraft:cooked_beef":5,"minecraft:coal_block":55,"minecraft:emerald":66,"minecraft:cooked_porkchop":7,"minecraft:diamond_axe":1,"minecraft:crafting_table":5,"minecraft:brush":1,"minecraft:bowl":4,"minecraft:copper_ingot":117,"minecraft:bucket":2,"minecraft:birch_planks":28,"minecraft:stone_axe":1,"minecraft:air":0,"minecraft:bread":6,"minecraft:emerald_block":6,"minecraft:shield":1,"minecraft:stick":56,"minecraft:iron_ingot":59,"minecraft:iron_shovel":4,"minecraft:torch":92},"minecraft:picked_up":{"minecraft:crafting_table":3,"minecraft:wheat":12,"minecraft:shield":4,"minecraft:cornflower":2,"minecraft:raw_copper":234,"minecraft:flint_and_steel":2,"minecraft:iron_shovel":6,"minecraft:oak_sign":27,"minecraft:cobbled_deepslate":1118,"minecraft:light_weighted_pressure_plate":1,"minecraft:bucket":4,"minecraft:spruce_planks":2,"minecraft:beef":5,"minecraft:iron_nugget":6,"minecraft:coal_block":96,"minecraft:chest":2,"minecraft:furnace":1,"minecraft:stick":26,"minecraft:raw_iron":59,"minecraft:torch":218,"minecraft:bowl":4,"minecraft:spruce_stairs":2,"minecraft:porkchop":7,"minecraft:lightning_rod":1,"minecraft:diorite":53,"minecraft:redstone":146,"minecraft:netherite_pickaxe":3,"minecraft:rotten_flesh":12,"minecraft:tropical_fish":3,"minecraft:gold_ingot":2,"minecraft:obsidian":5,"minecraft:mutton":5,"minecraft:bone_block":18,"minecraft:white_wool":16,"minecraft:cobblestone":8545,"minecraft:oxeye_daisy":1,"minecraft:birch_log":8,"minecraft:magma_block":2,"minecraft:leather_chestplate":3,"minecraft:water_bucket":2,"minecraft:andesite":72,"minecraft:leather":2,"minecraft:beacon":2,"minecraft:filled_map":1,"minecraft:mushroom_stew":5,"minecraft:flint":102,"minecraft:tuff":54,"minecraft:oak_log":43,"minecraft:golden_boots":3,"minecraft:gunpowder":4,"minecraft:lapis_lazuli":173,"minecraft:paper":48,"minecraft:dirt":1212,"minecraft:kelp":445,"minecraft:wheat_seeds":38,"minecraft:raw_gold":8,"minecraft:iron_ingot":29,"minecraft:oak_planks":30,"minecraft:soul_sand":38,"minecraft:emerald_block":6,"minecraft:birch_boat":1,"minecraft:quartz":26,"minecraft:dandelion":4,"minecraft:oak_pressure_plate":1,"minecraft:gravel":334,"minecraft:diamond_block":4,"minecraft:crying_obsidian":4,"minecraft:diamond":36,"minecraft:stone_axe":1,"minecraft:granite":46,"minecraft:diamond_axe":2,"minecraft:bone_meal":36,"minecraft:golden_apple":1,"minecraft:emerald":32,"minecraft:oak_sapling":5,"minecraft:coal":1107},"minecraft:killed":{"minecraft:spider":2,"minecraft:skeleton":1,"minecraft:drowned":1,"minecraft:tropical_fish":3,"minecraft:magma_cube":7,"minecraft:pig":3,"minecraft:zombie_villager":1,"minecraft:creeper":3,"minecraft:sheep":4,"minecraft:zombie":11,"minecraft:cow":3}},"DataVersion":3953}