{"stats":{"minecraft:broken":{"minecraft:iron_shovel":5,"minecraft:diamond_shovel":1,"minecraft:stone_shovel":3,"minecraft:golden_pickaxe":1},"minecraft:mined":{"minecraft:large_amethyst_bud":1,"minecraft:spruce_planks":2,"minecraft:white_bed":6,"minecraft:sculk_vein":215,"minecraft:cobblestone_stairs":12,"minecraft:obsidian":7,"minecraft:budding_amethyst":6,"minecraft:granite":95,"minecraft:grass_block":1666,"minecraft:coal_block":7,"minecraft:deepslate_tile_stairs":4,"minecraft:hopper":1,"minecraft:oxeye_daisy":4,"minecraft:oak_wall_sign":10,"minecraft:tuff_bricks":6,"minecraft:smooth_stone":4,"minecraft:raw_iron_block":4,"minecraft:magma_block":2,"minecraft:sculk_catalyst":14,"minecraft:iron_ore":99,"minecraft:cobbled_deepslate":17,"minecraft:fire":3,"minecraft:polished_tuff":3,"minecraft:waxed_oxidized_copper_bulb":1,"minecraft:deepslate_lapis_ore":33,"minecraft:sculk_shrieker":11,"minecraft:dirt_path":742,"minecraft:oak_stairs":63,"minecraft:polished_tuff_slab":2,"minecraft:deepslate_redstone_ore":138,"minecraft:soul_wall_torch":5,"minecraft:kelp_plant":4,"minecraft:soul_fire":2,"minecraft:amethyst_cluster":17,"minecraft:clay":54,"minecraft:torch":70,"minecraft:blast_furnace":3,"minecraft:poppy":2,"minecraft:calcite":1,"minecraft:beacon":2,"minecraft:chest":20,"minecraft:glass":25,"minecraft:nether_quartz_ore":11,"minecraft:cobblestone":318,"minecraft:oak_planks":113,"minecraft:iron_door":1,"minecraft:wall_torch":74,"minecraft:amethyst_block":11,"minecraft:white_terracotta":2,"minecraft:chain":1,"minecraft:waxed_copper_bulb":12,"minecraft:powered_rail":2,"minecraft:birch_log":7,"minecraft:wheat":57,"minecraft:waxed_copper_block":36,"minecraft:stripped_oak_wood":1,"minecraft:cracked_deepslate_tiles":1,"minecraft:oak_log":339,"minecraft:sand":304,"minecraft:dirt":3866,"minecraft:stonecutter":4,"minecraft:netherrack":23,"minecraft:piston":1,"minecraft:oak_leaves":252,"minecraft:deepslate":2441,"minecraft:emerald_block":6,"minecraft:deepslate_tiles":2,"minecraft:diamond_ore":1,"minecraft:crying_obsidian":5,"minecraft:tuff":686,"minecraft:mossy_cobblestone":8,"minecraft:deepslate_diamond_ore":66,"minecraft:oak_door":1,"minecraft:glow_lichen":2,"minecraft:lever":2,"minecraft:ladder":4,"minecraft:decorated_pot":10,"minecraft:calibrated_sculk_sensor":1,"minecraft:spruce_leaves":67,"minecraft:kelp":2,"minecraft:cartography_table":2,"minecraft:redstone_ore":29,"minecraft:waxed_oxidized_cut_copper":1,"minecraft:furnace":10,"minecraft:carrots":69,"minecraft:waxed_copper_grate":1,"minecraft:andesite":221,"minecraft:diamond_block":4,"minecraft:chiseled_tuff":1,"minecraft:deepslate_iron_ore":154,"minecraft:rail":4,"minecraft:lantern":4,"minecraft:bamboo_sapling":1,"minecraft:bamboo":10,"minecraft:waxed_weathered_copper_bulb":2,"minecraft:stone":10846,"minecraft:bone_block":18,"minecraft:redstone_wall_torch":15,"minecraft:smithing_table":2,"minecraft:oak_slab":1,"minecraft:waxed_exposed_copper_bulb":8,"minecraft:redstone_block":1,"minecraft:glass_pane":6,"minecraft:soul_sand":10,"minecraft:dandelion":7,"minecraft:stone_brick_slab":2,"minecraft:soul_torch":1,"minecraft:observer":1,"minecraft:oak_fence":27,"minecraft:crafting_table":4,"minecraft:short_grass":168,"minecraft:sculk_sensor":88,"minecraft:lectern":9,"minecraft:lightning_rod":1,"minecraft:copper_ore":58,"minecraft:tall_grass":32,"minecraft:deepslate_coal_ore":5,"minecraft:red_glazed_terracotta":2,"minecraft:lapis_ore":8,"minecraft:deepslate_gold_ore":33,"minecraft:sculk":1813,"minecraft:diorite":391,"minecraft:spruce_stairs":2,"minecraft:gray_wool":3,"minecraft:cobblestone_wall":56,"minecraft:waxed_oxidized_copper_grate":5,"minecraft:redstone_torch":9,"minecraft:birch_leaves":2,"minecraft:spruce_log":199,"minecraft:bee_nest":3,"minecraft:yellow_bed":21,"minecraft:coal_ore":876,"minecraft:gravel":382,"minecraft:dripstone_block":3,"minecraft:gray_carpet":1,"minecraft:polished_andesite":1,"minecraft:stone_bricks":117,"minecraft:gold_ore":4},"minecraft:killed_by":{"minecraft:zombie":1,"minecraft:iron_golem":1,"minecraft:warden":7},"minecraft:custom":{"minecraft:interact_with_crafting_table":208,"minecraft:open_barrel":3,"minecraft:leave_game":22,"minecraft:time_since_death":190858,"minecraft:sprint_one_cm":1960143,"minecraft:damage_blocked_by_shield":625,"minecraft:drop":304,"minecraft:talked_to_villager":192,"minecraft:play_time":1315267,"minecraft:deaths":14,"minecraft:jump":8204,"minecraft:interact_with_brewingstand":1,"minecraft:walk_on_water_one_cm":272524,"minecraft:interact_with_furnace":200,"minecraft:traded_with_villager":190,"minecraft:sleep_in_bed":14,"minecraft:damage_dealt":23161,"minecraft:interact_with_beacon":23,"minecraft:crouch_one_cm":253720,"minecraft:inspect_dispenser":5,"minecraft:horse_one_cm":2858,"minecraft:interact_with_smithing_table":1,"minecraft:interact_with_anvil":6,"minecraft:mob_kills":110,"minecraft:inspect_hopper":31,"minecraft:climb_one_cm":18328,"minecraft:walk_one_cm":4977324,"minecraft:sneak_time":69260,"minecraft:walk_under_water_one_cm":1605195,"minecraft:boat_one_cm":241444,"minecraft:interact_with_blast_furnace":30,"minecraft:total_world_time":1315267,"minecraft:interact_with_stonecutter":16,"minecraft:interact_with_grindstone":1,"minecraft:time_since_rest":81284,"minecraft:damage_taken":11478,"minecraft:damage_absorbed":80,"minecraft:swim_one_cm":257077,"minecraft:fly_one_cm":845499,"minecraft:open_chest":825,"minecraft:fall_one_cm":209242},"minecraft:used":{"minecraft:iron_shovel":1484,"minecraft:oak_sign":52,"minecraft:ladder":7,"minecraft:poppy":1,"minecraft:diamond_hoe":1846,"minecraft:shield":20,"minecraft:chest":53,"minecraft:zombie_spawn_egg":5,"minecraft:rotten_flesh":33,"minecraft:iron_chestplate":1,"minecraft:soul_sand":3,"minecraft:carrot":97,"minecraft:tuff":39,"minecraft:azure_bluet":1,"minecraft:obsidian":6,"minecraft:glass":53,"minecraft:lava_bucket":10,"minecraft:waxed_oxidized_copper_grate":5,"minecraft:netherite_shovel":4413,"minecraft:villager_spawn_egg":3,"minecraft:lantern":17,"minecraft:waxed_exposed_copper_bulb":1,"minecraft:hopper_minecart":2,"minecraft:stone_bricks":895,"minecraft:magma_block":2,"minecraft:bow":20,"minecraft:oak_sapling":7,"minecraft:furnace":16,"minecraft:cooked_cod":3,"minecraft:egg":1,"minecraft:potato":22,"minecraft:diorite":11,"minecraft:waxed_weathered_copper_bulb":2,"minecraft:stone_pickaxe":75,"minecraft:powered_rail":7,"minecraft:oak_planks":480,"minecraft:redstone_block":5,"minecraft:diamond_axe":1264,"minecraft:golden_apple":2,"minecraft:sand":2,"minecraft:blast_furnace":4,"minecraft:mushroom_stew":40,"minecraft:lightning_rod":2,"minecraft:redstone_torch":24,"minecraft:lever":2,"minecraft:crying_obsidian":1,"minecraft:bread":20,"minecraft:lectern":11,"minecraft:iron_door":3,"minecraft:gravel":35,"minecraft:diamond_sword":3,"minecraft:coal_block":28,"minecraft:smithing_table":3,"minecraft:andesite":8,"minecraft:chain":6,"minecraft:oak_boat":6,"minecraft:golden_pickaxe":32,"minecraft:waxed_copper_bulb":10,"minecraft:bone_meal":331,"minecraft:experience_bottle":6,"minecraft:oak_fence":64,"minecraft:trident":1,"minecraft:flint_and_steel":2,"minecraft:tropical_fish":3,"minecraft:stone_shovel":399,"minecraft:redstone":16,"minecraft:sculk":14,"minecraft:trial_key":1,"minecraft:oak_door":1,"minecraft:spyglass":2,"minecraft:torch":726,"minecraft:dirt":1989,"minecraft:anvil":1,"minecraft:hopper":7,"minecraft:cobblestone_wall":138,"minecraft:granite":1,"minecraft:birch_chest_boat":1,"minecraft:oak_stairs":59,"minecraft:iron_boots":1,"minecraft:bamboo":23,"minecraft:emerald_block":12,"minecraft:netherite_pickaxe":17670,"minecraft:cooked_beef":5,"minecraft:observer":17,"minecraft:cobbled_deepslate":210,"minecraft:wheat_seeds":210,"minecraft:cooked_mutton":5,"minecraft:water_bucket":72,"minecraft:cobblestone_stairs":63,"minecraft:birch_boat":1,"minecraft:cartography_table":2,"minecraft:polished_andesite":38,"minecraft:baked_potato":2,"minecraft:beacon":3,"minecraft:stonecutter":5,"minecraft:waxed_copper_block":16,"minecraft:diamond_block":7,"minecraft:rail":21,"minecraft:crafting_table":10,"minecraft:sculk_shrieker":1,"minecraft:white_bed":8,"minecraft:painting":6,"minecraft:piston":17,"minecraft:apple":6,"minecraft:oxeye_daisy":1,"minecraft:diamond_shovel":1805,"minecraft:oak_button":3,"minecraft:spruce_sapling":19,"minecraft:stone_axe":149,"minecraft:cobblestone":635,"minecraft:cooked_porkchop":35,"minecraft:bucket":112,"minecraft:yellow_bed":21,"minecraft:kelp":269,"minecraft:sculk_catalyst":3,"minecraft:smooth_stone":4,"minecraft:soul_torch":6},"minecraft:dropped":{"minecraft:diamond_axe":2,"minecraft:oak_pressure_plate":2,"minecraft:glow_ink_sac":3,"minecraft:emerald":31,"minecraft:flint":1,"minecraft:light_weighted_pressure_plate":1,"minecraft:dirt":136,"minecraft:cornflower":2,"minecraft:sand":1,"minecraft:birch_log":1,"minecraft:gold_ingot":1,"minecraft:gravel":14,"minecraft:red_glazed_terracotta":2,"minecraft:stone_axe":3,"minecraft:spyglass":1,"minecraft:iron_nugget":2,"minecraft:cobbled_deepslate":80,"minecraft:wheat":2,"minecraft:rotten_flesh":44,"minecraft:oak_planks":2,"minecraft:azure_bluet":1,"minecraft:carrot":320,"minecraft:poppy":1,"minecraft:gunpowder":4,"minecraft:arrow":4,"minecraft:chiseled_tuff":1,"minecraft:glass":34,"minecraft:netherrack":1,"minecraft:bread":24,"minecraft:netherite_pickaxe":2,"minecraft:wheat_seeds":16,"minecraft:dripstone_block":3,"minecraft:feather":2,"minecraft:cobblestone":614,"minecraft:polished_tuff":3,"minecraft:apple":1,"minecraft:granite":70,"minecraft:mushroom_stew":3,"minecraft:coal_block":5,"minecraft:stick":18,"minecraft:oxeye_daisy":2,"minecraft:sculk":3,"minecraft:diorite":1,"minecraft:iron_door":2,"minecraft:cooked_salmon":4,"minecraft:iron_leggings":1,"minecraft:oak_stairs":3,"minecraft:iron_shovel":2,"minecraft:paper":48,"minecraft:dandelion":15,"minecraft:spruce_sapling":52,"minecraft:redstone":64,"minecraft:tuff_bricks":6,"minecraft:bowl":2,"minecraft:polished_tuff_slab":1,"minecraft:tuff":25,"minecraft:filled_map":2,"minecraft:andesite":2,"minecraft:bamboo":4,"minecraft:stone_bricks":2,"minecraft:beacon":2,"minecraft:bow":2},"minecraft:crafted":{"minecraft:smooth_stone":4,"minecraft:oak_planks":984,"minecraft:oak_sign":40,"minecraft:oak_pressure_plate":1,"minecraft:birch_boat":1,"minecraft:calibrated_sculk_sensor":35,"minecraft:chain":5,"minecraft:purple_glazed_terracotta":7,"minecraft:lightning_rod":1,"minecraft:stone":1079,"minecraft:cobblestone_stairs":24,"minecraft:lever":2,"minecraft:diamond_shovel":2,"minecraft:bookshelf":2,"minecraft:cooked_mutton":5,"minecraft:glass":294,"minecraft:hopper":68,"minecraft:bow":1,"minecraft:iron_boots":1,"minecraft:chest":117,"minecraft:oak_button":4,"minecraft:iron_door":3,"minecraft:copper_block":16,"minecraft:rail":16,"minecraft:oak_fence":69,"minecraft:raw_iron_block":34,"minecraft:dropper":2,"minecraft:oak_slab":6,"minecraft:arrow":48,"minecraft:emerald":256,"minecraft:cooked_porkchop":7,"minecraft:diamond_axe":2,"minecraft:crafting_table":8,"minecraft:spruce_planks":780,"minecraft:iron_helmet":1,"minecraft:brush":1,"minecraft:raw_gold_block":2,"minecraft:smithing_table":2,"minecraft:copper_ingot":152,"minecraft:gold_block":7,"minecraft:hopper_minecart":1,"minecraft:birch_planks":28,"minecraft:painting":1,"minecraft:lectern":2,"minecraft:iron_chestplate":1,"minecraft:emerald_block":15,"minecraft:shield":2,"minecraft:crafter":2,"minecraft:stick":232,"minecraft:iron_ingot":426,"minecraft:iron_block":38,"minecraft:gold_ingot":36,"minecraft:redstone_torch":9,"minecraft:redstone":81,"minecraft:raw_iron":342,"minecraft:coal":934,"minecraft:stone_shovel":3,"minecraft:iron_nugget":351,"minecraft:spyglass":1,"minecraft:diamond_hoe":1,"minecraft:furnace":8,"minecraft:blast_furnace":1,"minecraft:piston":16,"minecraft:bone_meal":165,"minecraft:diamond_block":15,"minecraft:lantern":26,"minecraft:polished_diorite":4,"minecraft:ladder":6,"minecraft:birch_chest_boat":1,"minecraft:stone_pickaxe":1,"minecraft:cobblestone_wall":96,"minecraft:redstone_block":110,"minecraft:observer":17,"minecraft:minecart":1,"minecraft:wheat":171,"minecraft:cooked_beef":5,"minecraft:coal_block":104,"minecraft:diamond_sword":2,"minecraft:powered_rail":12,"minecraft:bowl":8,"minecraft:bucket":14,"minecraft:stone_axe":2,"minecraft:enchanted_book":1,"minecraft:air":0,"minecraft:bread":72,"minecraft:oak_boat":1,"minecraft:raw_gold":18,"minecraft:oak_stairs":8,"minecraft:iron_shovel":6,"minecraft:iron_leggings":1,"minecraft:stonecutter":1,"minecraft:anvil":1,"minecraft:white_bed":2,"minecraft:torch":452,"minecraft:lapis_block":31},"minecraft:picked_up":{"minecraft:iron_chestplate":5,"minecraft:wheat":67,"minecraft:redstone_block":16,"minecraft:smithing_table":2,"minecraft:lead":4,"minecraft:calibrated_sculk_sensor":1,"minecraft:oak_stairs":58,"minecraft:enchanted_book":7,"minecraft:amethyst_block":11,"minecraft:lapis_block":22,"minecraft:string":2,"minecraft:raw_copper":428,"minecraft:cooked_salmon":12,"minecraft:iron_leggings":5,"minecraft:experience_bottle":15,"minecraft:sculk_shrieker":16,"minecraft:oak_sign":34,"minecraft:cobbled_deepslate":3396,"minecraft:smooth_stone":4,"minecraft:bucket":31,"minecraft:spruce_planks":2,"minecraft:light_weighted_pressure_plate":1,"minecraft:trial_key":1,"minecraft:redstone_torch":24,"minecraft:hopper_minecart":1,"minecraft:enchanted_golden_apple":10,"minecraft:coal_block":124,"minecraft:iron_boots":4,"minecraft:furnace":9,"minecraft:stick":101,"minecraft:oak_fence":29,"minecraft:torch":547,"minecraft:spruce_stairs":2,"minecraft:porkchop":7,"minecraft:netherite_shovel":6,"minecraft:lightning_rod":1,"minecraft:villager_spawn_egg":9,"minecraft:waxed_weathered_copper_bulb":2,"minecraft:diorite":431,"minecraft:zombie_spawn_egg":2,"minecraft:rotten_flesh":183,"minecraft:tropical_fish":3,"minecraft:white_terracotta":2,"minecraft:obsidian":5,"minecraft:cobblestone":13107,"minecraft:birch_log":8,"minecraft:magma_block":2,"minecraft:leather_chestplate":3,"minecraft:iron_door":3,"minecraft:water_bucket":2,"minecraft:andesite":161,"minecraft:beacon":2,"minecraft:flint":183,"minecraft:tuff":400,"minecraft:lapis_lazuli":697,"minecraft:dirt":6101,"minecraft:lantern":4,"minecraft:name_tag":4,"minecraft:glass":120,"minecraft:bone":8,"minecraft:bow":9,"minecraft:stonecutter":4,"minecraft:wheat_seeds":237,"minecraft:raw_gold":90,"minecraft:bamboo":69,"minecraft:powered_rail":3,"minecraft:oak_planks":149,"minecraft:cooked_porkchop":121,"minecraft:music_disc_13":2,"minecraft:oak_pressure_plate":1,"minecraft:sand":295,"minecraft:diamond_block":5,"minecraft:mossy_cobblestone":8,"minecraft:polished_andesite":1,"minecraft:diamond":170,"minecraft:lever":2,"minecraft:waxed_oxidized_copper_grate":5,"minecraft:granite":166,"minecraft:breeze_rod":18,"minecraft:bone_meal":66,"minecraft:golden_apple":1,"minecraft:emerald":57,"minecraft:bread":71,"minecraft:oak_sapling":39,"minecraft:netherrack":1,"minecraft:crafting_table":4,"minecraft:bee_nest":3,"minecraft:azure_bluet":2,"minecraft:ladder":6,"minecraft:clay_ball":208,"minecraft:chain":1,"minecraft:brick":36,"minecraft:shield":9,"minecraft:wind_charge":45,"minecraft:cornflower":2,"minecraft:flint_and_steel":3,"minecraft:compass":2,"minecraft:iron_shovel":6,"minecraft:cartography_table":2,"minecraft:beef":5,"minecraft:echo_shard":15,"minecraft:oak_boat":6,"minecraft:chiseled_tuff":1,"minecraft:observer":1,"minecraft:iron_nugget":10,"minecraft:poppy":8,"minecraft:lectern":9,"minecraft:chest":20,"minecraft:diamond_hoe":5,"minecraft:piston":1,"minecraft:egg":1,"minecraft:raw_iron":833,"minecraft:oak_door":2,"minecraft:copper_ingot":125,"minecraft:bowl":4,"minecraft:trident":1,"minecraft:carrot":397,"minecraft:redstone":1331,"minecraft:netherite_pickaxe":16,"minecraft:tnt":1,"minecraft:arrow":93,"minecraft:golden_hoe":2,"minecraft:saddle":2,"minecraft:gold_ingot":10,"minecraft:tuff_bricks":6,"minecraft:bone_block":18,"minecraft:glow_berries":55,"minecraft:mutton":5,"minecraft:rail":7,"minecraft:white_wool":24,"minecraft:oxeye_daisy":4,"minecraft:glow_ink_sac":7,"minecraft:leather":4,"minecraft:red_glazed_terracotta":2,"minecraft:crafter":4,"minecraft:filled_map":1,"minecraft:mushroom_stew":19,"minecraft:waxed_copper_bulb":12,"minecraft:oak_log":369,"minecraft:waxed_copper_block":31,"minecraft:cobblestone_wall":65,"minecraft:golden_boots":3,"minecraft:yellow_bed":21,"minecraft:gunpowder":8,"minecraft:cobblestone_stairs":12,"minecraft:sculk_vein":3,"minecraft:paper":48,"minecraft:coast_armor_trim_smithing_template":6,"minecraft:stone_bricks":176,"minecraft:apple":32,"minecraft:gray_carpet":1,"minecraft:kelp":554,"minecraft:iron_ingot":69,"minecraft:polished_tuff_slab":1,"minecraft:stripped_oak_wood":1,"minecraft:soul_sand":52,"minecraft:book":28,"minecraft:sculk_catalyst":6,"minecraft:oak_slab":2,"minecraft:emerald_block":6,"minecraft:birch_boat":1,"minecraft:sculk":193,"minecraft:dripstone_block":3,"minecraft:brush":1,"minecraft:waxed_exposed_copper_bulb":5,"minecraft:quartz":52,"minecraft:dandelion":32,"minecraft:spyglass":1,"minecraft:raw_iron_block":8,"minecraft:gravel":724,"minecraft:lava_bucket":10,"minecraft:amethyst_shard":155,"minecraft:soul_torch":194,"minecraft:spruce_sapling":163,"minecraft:blast_furnace":1,"minecraft:white_bed":6,"minecraft:spruce_log":390,"minecraft:crying_obsidian":7,"minecraft:polished_tuff":3,"minecraft:diamond_shovel":1,"minecraft:sculk_sensor":170,"minecraft:stone_axe":3,"minecraft:iron_helmet":5,"minecraft:diamond_axe":10,"minecraft:painting":5,"minecraft:baked_potato":2,"minecraft:coal":2062,"minecraft:hopper":1},"minecraft:killed":{"minecraft:spider":7,"minecraft:skeleton":14,"minecraft:silverfish":3,"minecraft:tropical_fish":3,"minecraft:magma_cube":7,"minecraft:pig":3,"minecraft:zombie_villager":3,"minecraft:iron_golem":5,"minecraft:creeper":5,"minecraft:sheep":4,"minecraft:zombie":39,"minecraft:glow_squid":2,"minecraft:cow":3,"minecraft:drowned":5,"minecraft:warden":1,"minecraft:breeze":3,"minecraft:enderman":1}},"DataVersion":3953}