{"stats":{"minecraft:broken":{"minecraft:golden_pickaxe":1,"minecraft:stone_shovel":2},"minecraft:crafted":{"minecraft:oak_planks":156,"minecraft:stone_shovel":2,"minecraft:oak_sign":31,"minecraft:oak_pressure_plate":1,"minecraft:birch_boat":1,"minecraft:lightning_rod":1,"minecraft:furnace":5,"minecraft:cobblestone_stairs":24,"minecraft:bone_meal":147,"minecraft:cooked_mutton":5,"minecraft:birch_chest_boat":1,"minecraft:stone_pickaxe":1,"minecraft:chest":7,"minecraft:cooked_beef":5,"minecraft:coal_block":55,"minecraft:cooked_porkchop":7,"minecraft:crafting_table":5,"minecraft:brush":1,"minecraft:bowl":4,"minecraft:copper_ingot":5,"minecraft:birch_planks":28,"minecraft:bucket":2,"minecraft:stone_axe":1,"minecraft:air":0,"minecraft:bread":6,"minecraft:shield":1,"minecraft:stick":36,"minecraft:iron_ingot":7,"minecraft:iron_shovel":2,"minecraft:torch":52},"minecraft:dropped":{"minecraft:wheat_seeds":4,"minecraft:oak_pressure_plate":2,"minecraft:feather":2,"minecraft:cobblestone":108,"minecraft:mushroom_stew":1,"minecraft:stick":17,"minecraft:light_weighted_pressure_plate":1,"minecraft:dirt":3,"minecraft:iron_shovel":1,"minecraft:paper":48,"minecraft:birch_log":1,"minecraft:dandelion":4,"minecraft:stone_axe":2,"minecraft:iron_nugget":2,"minecraft:cobbled_deepslate":5,"minecraft:bowl":1,"minecraft:tuff":6,"minecraft:oak_planks":1,"minecraft:filled_map":2},"minecraft:mined":{"minecraft:crying_obsidian":5,"minecraft:tuff":56,"minecraft:spruce_planks":2,"minecraft:deepslate_diamond_ore":13,"minecraft:obsidian":7,"minecraft:granite":42,"minecraft:grass_block":107,"minecraft:coal_block":7,"minecraft:kelp":2,"minecraft:magma_block":2,"minecraft:furnace":2,"minecraft:iron_ore":17,"minecraft:cobbled_deepslate":6,"minecraft:fire":2,"minecraft:andesite":171,"minecraft:deepslate_lapis_ore":9,"minecraft:deepslate_iron_ore":7,"minecraft:dirt_path":29,"minecraft:oak_stairs":1,"minecraft:stone":1839,"minecraft:bone_block":18,"minecraft:deepslate_redstone_ore":8,"minecraft:soul_sand":10,"minecraft:kelp_plant":4,"minecraft:stone_brick_slab":2,"minecraft:dandelion":1,"minecraft:crafting_table":3,"minecraft:torch":25,"minecraft:short_grass":11,"minecraft:chest":2,"minecraft:lightning_rod":1,"minecraft:nether_quartz_ore":11,"minecraft:tall_grass":7,"minecraft:copper_ore":1,"minecraft:cobblestone":65,"minecraft:lapis_ore":1,"minecraft:deepslate_gold_ore":5,"minecraft:oak_planks":3,"minecraft:diorite":43,"minecraft:wall_torch":15,"minecraft:spruce_stairs":2,"minecraft:birch_log":7,"minecraft:wheat":6,"minecraft:birch_leaves":2,"minecraft:oak_log":39,"minecraft:coal_ore":309,"minecraft:gravel":47,"minecraft:dirt":175,"minecraft:netherrack":10,"minecraft:oak_leaves":47,"minecraft:deepslate":1693},"minecraft:picked_up":{"minecraft:crafting_table":3,"minecraft:wheat":8,"minecraft:shield":1,"minecraft:raw_copper":5,"minecraft:flint_and_steel":1,"minecraft:iron_shovel":3,"minecraft:oak_sign":11,"minecraft:cobbled_deepslate":1066,"minecraft:spruce_planks":2,"minecraft:beef":5,"minecraft:light_weighted_pressure_plate":1,"minecraft:iron_nugget":6,"minecraft:coal_block":96,"minecraft:chest":2,"minecraft:furnace":1,"minecraft:stick":26,"minecraft:raw_iron":55,"minecraft:torch":129,"minecraft:bowl":1,"minecraft:spruce_stairs":2,"minecraft:porkchop":7,"minecraft:lightning_rod":1,"minecraft:diorite":34,"minecraft:redstone":53,"minecraft:netherite_pickaxe":1,"minecraft:rotten_flesh":9,"minecraft:tropical_fish":3,"minecraft:obsidian":5,"minecraft:mutton":5,"minecraft:bone_block":18,"minecraft:white_wool":8,"minecraft:cobblestone":1979,"minecraft:birch_log":8,"minecraft:magma_block":2,"minecraft:leather_chestplate":1,"minecraft:water_bucket":2,"minecraft:andesite":64,"minecraft:leather":2,"minecraft:filled_map":1,"minecraft:mushroom_stew":2,"minecraft:flint":30,"minecraft:tuff":54,"minecraft:oak_log":39,"minecraft:golden_boots":1,"minecraft:gunpowder":2,"minecraft:lapis_lazuli":173,"minecraft:paper":48,"minecraft:dirt":262,"minecraft:kelp":445,"minecraft:wheat_seeds":20,"minecraft:raw_gold":8,"minecraft:iron_ingot":15,"minecraft:oak_planks":13,"minecraft:soul_sand":24,"minecraft:birch_boat":1,"minecraft:quartz":26,"minecraft:dandelion":4,"minecraft:oak_pressure_plate":1,"minecraft:gravel":92,"minecraft:crying_obsidian":4,"minecraft:diamond":31,"minecraft:stone_axe":1,"minecraft:granite":42,"minecraft:bone_meal":36,"minecraft:golden_apple":1,"minecraft:oak_sapling":5,"minecraft:coal":647},"minecraft:killed":{"minecraft:spider":2,"minecraft:skeleton":1,"minecraft:drowned":1,"minecraft:tropical_fish":3,"minecraft:magma_cube":7,"minecraft:pig":3,"minecraft:zombie_villager":1,"minecraft:creeper":2,"minecraft:sheep":4,"minecraft:zombie":8,"minecraft:cow":3},"minecraft:custom":{"minecraft:mob_kills":35,"minecraft:interact_with_crafting_table":38,"minecraft:leave_game":8,"minecraft:time_since_death":43773,"minecraft:climb_one_cm":176,"minecraft:sprint_one_cm":174926,"minecraft:walk_one_cm":626435,"minecraft:drop":29,"minecraft:play_time":245607,"minecraft:sneak_time":8708,"minecraft:deaths":2,"minecraft:walk_under_water_one_cm":821580,"minecraft:boat_one_cm":56088,"minecraft:jump":1387,"minecraft:walk_on_water_one_cm":96541,"minecraft:total_world_time":245607,"minecraft:interact_with_furnace":24,"minecraft:sleep_in_bed":2,"minecraft:time_since_rest":39106,"minecraft:damage_taken":2501,"minecraft:damage_absorbed":80,"minecraft:damage_dealt":4148,"minecraft:swim_one_cm":119270,"minecraft:fly_one_cm":165523,"minecraft:open_chest":55,"minecraft:crouch_one_cm":1183,"minecraft:fall_one_cm":24567},"minecraft:used":{"minecraft:iron_shovel":38,"minecraft:flint_and_steel":2,"minecraft:tropical_fish":3,"minecraft:stone_shovel":267,"minecraft:oak_sign":18,"minecraft:chest":8,"minecraft:torch":173,"minecraft:soul_sand":3,"minecraft:dirt":42,"minecraft:tuff":31,"minecraft:granite":1,"minecraft:obsidian":6,"minecraft:lava_bucket":8,"minecraft:birch_chest_boat":1,"minecraft:magma_block":2,"minecraft:oak_sapling":5,"minecraft:furnace":6,"minecraft:netherite_pickaxe":4386,"minecraft:cooked_beef":5,"minecraft:cobbled_deepslate":171,"minecraft:cooked_mutton":5,"minecraft:wheat_seeds":6,"minecraft:water_bucket":38,"minecraft:diorite":10,"minecraft:cobblestone_stairs":21,"minecraft:oak_planks":3,"minecraft:stone_pickaxe":75,"minecraft:birch_boat":1,"minecraft:golden_apple":2,"minecraft:crafting_table":8,"minecraft:mushroom_stew":4,"minecraft:lightning_rod":2,"minecraft:crying_obsidian":1,"minecraft:bread":6,"minecraft:stone_axe":87,"minecraft:coal_block":28,"minecraft:cobblestone":154,"minecraft:cooked_porkchop":7,"minecraft:bucket":46,"minecraft:kelp":269,"minecraft:golden_pickaxe":32,"minecraft:bone_meal":162}},"DataVersion":3953}