{"stats":{"minecraft:broken":{"minecraft:iron_shovel":3,"minecraft:stone_shovel":3,"minecraft:golden_pickaxe":1},"minecraft:mined":{"minecraft:large_amethyst_bud":1,"minecraft:spruce_planks":2,"minecraft:white_bed":2,"minecraft:cobblestone_stairs":6,"minecraft:sculk_vein":60,"minecraft:obsidian":7,"minecraft:granite":83,"minecraft:budding_amethyst":6,"minecraft:grass_block":907,"minecraft:coal_block":7,"minecraft:oxeye_daisy":4,"minecraft:magma_block":2,"minecraft:raw_iron_block":4,"minecraft:iron_ore":84,"minecraft:cobbled_deepslate":13,"minecraft:fire":3,"minecraft:deepslate_lapis_ore":33,"minecraft:sculk_shrieker":3,"minecraft:dirt_path":141,"minecraft:oak_stairs":51,"minecraft:deepslate_redstone_ore":112,"minecraft:kelp_plant":4,"minecraft:amethyst_cluster":17,"minecraft:torch":52,"minecraft:calcite":1,"minecraft:poppy":2,"minecraft:beacon":2,"minecraft:chest":13,"minecraft:nether_quartz_ore":11,"minecraft:cobblestone":163,"minecraft:oak_planks":32,"minecraft:wall_torch":46,"minecraft:amethyst_block":11,"minecraft:white_terracotta":2,"minecraft:birch_log":7,"minecraft:wheat":35,"minecraft:oak_log":111,"minecraft:sand":9,"minecraft:dirt":1544,"minecraft:stonecutter":2,"minecraft:netherrack":23,"minecraft:oak_leaves":60,"minecraft:deepslate":2368,"minecraft:emerald_block":6,"minecraft:diamond_ore":1,"minecraft:crying_obsidian":5,"minecraft:tuff":655,"minecraft:mossy_cobblestone":8,"minecraft:deepslate_diamond_ore":34,"minecraft:oak_door":1,"minecraft:glow_lichen":1,"minecraft:cartography_table":2,"minecraft:kelp":2,"minecraft:redstone_ore":29,"minecraft:furnace":10,"minecraft:carrots":69,"minecraft:andesite":201,"minecraft:diamond_block":4,"minecraft:deepslate_iron_ore":154,"minecraft:lantern":1,"minecraft:stone":8616,"minecraft:bone_block":18,"minecraft:oak_slab":1,"minecraft:glass_pane":5,"minecraft:soul_sand":10,"minecraft:stone_brick_slab":2,"minecraft:dandelion":7,"minecraft:oak_fence":5,"minecraft:crafting_table":4,"minecraft:short_grass":143,"minecraft:sculk_sensor":6,"minecraft:lightning_rod":1,"minecraft:tall_grass":27,"minecraft:copper_ore":29,"minecraft:deepslate_coal_ore":5,"minecraft:lapis_ore":8,"minecraft:deepslate_gold_ore":33,"minecraft:sculk":289,"minecraft:diorite":86,"minecraft:spruce_stairs":2,"minecraft:gray_wool":1,"minecraft:birch_leaves":2,"minecraft:yellow_bed":10,"minecraft:coal_ore":639,"minecraft:gravel":281,"minecraft:dripstone_block":3,"minecraft:polished_andesite":1,"minecraft:stone_bricks":6,"minecraft:gold_ore":4},"minecraft:killed_by":{"minecraft:zombie":1,"minecraft:warden":3},"minecraft:custom":{"minecraft:interact_with_crafting_table":129,"minecraft:leave_game":15,"minecraft:time_since_death":101817,"minecraft:sprint_one_cm":802466,"minecraft:damage_blocked_by_shield":190,"minecraft:drop":208,"minecraft:talked_to_villager":32,"minecraft:play_time":707967,"minecraft:deaths":8,"minecraft:jump":4402,"minecraft:walk_on_water_one_cm":167967,"minecraft:interact_with_furnace":114,"minecraft:traded_with_villager":66,"minecraft:sleep_in_bed":5,"minecraft:damage_dealt":11552,"minecraft:interact_with_beacon":23,"minecraft:crouch_one_cm":68850,"minecraft:horse_one_cm":2858,"minecraft:mob_kills":75,"minecraft:inspect_hopper":12,"minecraft:climb_one_cm":2590,"minecraft:walk_one_cm":2622181,"minecraft:sneak_time":27906,"minecraft:walk_under_water_one_cm":1439110,"minecraft:boat_one_cm":89861,"minecraft:interact_with_blast_furnace":17,"minecraft:total_world_time":707967,"minecraft:interact_with_grindstone":1,"minecraft:interact_with_stonecutter":5,"minecraft:time_since_rest":101870,"minecraft:damage_taken":6493,"minecraft:damage_absorbed":80,"minecraft:swim_one_cm":132006,"minecraft:fly_one_cm":422729,"minecraft:open_chest":324,"minecraft:fall_one_cm":103808},"minecraft:used":{"minecraft:iron_shovel":980,"minecraft:oak_sign":32,"minecraft:diamond_hoe":262,"minecraft:ladder":4,"minecraft:chest":28,"minecraft:shield":6,"minecraft:rotten_flesh":28,"minecraft:soul_sand":3,"minecraft:carrot":72,"minecraft:tuff":39,"minecraft:obsidian":6,"minecraft:lava_bucket":9,"minecraft:lantern":8,"minecraft:stone_bricks":340,"minecraft:magma_block":2,"minecraft:furnace":16,"minecraft:oak_sapling":5,"minecraft:egg":1,"minecraft:diorite":10,"minecraft:stone_pickaxe":75,"minecraft:oak_planks":66,"minecraft:diamond_axe":221,"minecraft:golden_apple":2,"minecraft:sand":2,"minecraft:mushroom_stew":35,"minecraft:blast_furnace":1,"minecraft:lightning_rod":2,"minecraft:crying_obsidian":1,"minecraft:bread":6,"minecraft:gravel":35,"minecraft:coal_block":28,"minecraft:andesite":8,"minecraft:chain":1,"minecraft:oak_boat":5,"minecraft:golden_pickaxe":32,"minecraft:bone_meal":331,"minecraft:oak_fence":12,"minecraft:flint_and_steel":2,"minecraft:tropical_fish":3,"minecraft:stone_shovel":399,"minecraft:oak_door":1,"minecraft:torch":579,"minecraft:dirt":815,"minecraft:spyglass":2,"minecraft:hopper":2,"minecraft:granite":1,"minecraft:birch_chest_boat":1,"minecraft:oak_stairs":30,"minecraft:emerald_block":12,"minecraft:netherite_pickaxe":13885,"minecraft:cooked_beef":5,"minecraft:cobbled_deepslate":209,"minecraft:wheat_seeds":6,"minecraft:cooked_mutton":5,"minecraft:water_bucket":38,"minecraft:cobblestone_stairs":57,"minecraft:polished_andesite":38,"minecraft:cartography_table":2,"minecraft:birch_boat":1,"minecraft:beacon":3,"minecraft:stonecutter":3,"minecraft:diamond_block":7,"minecraft:crafting_table":10,"minecraft:white_bed":2,"minecraft:painting":6,"minecraft:oxeye_daisy":1,"minecraft:diamond_shovel":1589,"minecraft:stone_axe":149,"minecraft:cobblestone":318,"minecraft:cooked_porkchop":7,"minecraft:bucket":57,"minecraft:yellow_bed":10,"minecraft:kelp":269},"minecraft:dropped":{"minecraft:oak_pressure_plate":2,"minecraft:glow_ink_sac":3,"minecraft:light_weighted_pressure_plate":1,"minecraft:dirt":8,"minecraft:cornflower":2,"minecraft:birch_log":1,"minecraft:gold_ingot":1,"minecraft:gravel":14,"minecraft:stone_axe":3,"minecraft:spyglass":1,"minecraft:iron_nugget":2,"minecraft:cobbled_deepslate":70,"minecraft:oak_planks":2,"minecraft:azure_bluet":1,"minecraft:carrot":128,"minecraft:gunpowder":4,"minecraft:arrow":4,"minecraft:netherrack":1,"minecraft:netherite_pickaxe":1,"minecraft:wheat_seeds":10,"minecraft:dripstone_block":3,"minecraft:feather":2,"minecraft:cobblestone":562,"minecraft:apple":1,"minecraft:granite":52,"minecraft:mushroom_stew":1,"minecraft:stick":17,"minecraft:oxeye_daisy":2,"minecraft:diorite":1,"minecraft:paper":48,"minecraft:iron_shovel":2,"minecraft:dandelion":9,"minecraft:bowl":1,"minecraft:tuff":23,"minecraft:filled_map":2,"minecraft:andesite":2,"minecraft:beacon":2,"minecraft:bow":2},"minecraft:crafted":{"minecraft:oak_planks":444,"minecraft:smooth_stone":4,"minecraft:oak_sign":31,"minecraft:oak_pressure_plate":1,"minecraft:birch_boat":1,"minecraft:chain":1,"minecraft:lightning_rod":1,"minecraft:stone":360,"minecraft:cobblestone_stairs":24,"minecraft:diamond_shovel":2,"minecraft:cooked_mutton":5,"minecraft:hopper":2,"minecraft:chest":18,"minecraft:oak_fence":9,"minecraft:raw_iron_block":34,"minecraft:emerald":66,"minecraft:cooked_porkchop":7,"minecraft:diamond_axe":2,"minecraft:crafting_table":6,"minecraft:brush":1,"minecraft:raw_gold_block":2,"minecraft:copper_ingot":152,"minecraft:birch_planks":28,"minecraft:painting":1,"minecraft:emerald_block":6,"minecraft:shield":1,"minecraft:stick":192,"minecraft:iron_ingot":96,"minecraft:redstone_torch":4,"minecraft:redstone":36,"minecraft:coal":639,"minecraft:raw_iron":342,"minecraft:stone_shovel":3,"minecraft:iron_nugget":54,"minecraft:spyglass":1,"minecraft:diamond_hoe":1,"minecraft:furnace":8,"minecraft:piston":9,"minecraft:blast_furnace":1,"minecraft:bone_meal":147,"minecraft:diamond_block":8,"minecraft:lantern":7,"minecraft:ladder":6,"minecraft:birch_chest_boat":1,"minecraft:stone_pickaxe":1,"minecraft:redstone_block":93,"minecraft:observer":9,"minecraft:cooked_beef":5,"minecraft:coal_block":104,"minecraft:bowl":8,"minecraft:bucket":10,"minecraft:stone_axe":2,"minecraft:bread":6,"minecraft:air":0,"minecraft:oak_boat":1,"minecraft:raw_gold":18,"minecraft:iron_shovel":4,"minecraft:stonecutter":1,"minecraft:white_bed":2,"minecraft:torch":400,"minecraft:lapis_block":31},"minecraft:picked_up":{"minecraft:wheat":44,"minecraft:redstone_block":15,"minecraft:lead":2,"minecraft:oak_stairs":44,"minecraft:amethyst_block":11,"minecraft:lapis_block":22,"minecraft:raw_copper":234,"minecraft:oak_sign":27,"minecraft:cobbled_deepslate":3368,"minecraft:bucket":4,"minecraft:spruce_planks":2,"minecraft:light_weighted_pressure_plate":1,"minecraft:coal_block":124,"minecraft:furnace":9,"minecraft:stick":28,"minecraft:oak_fence":5,"minecraft:torch":305,"minecraft:spruce_stairs":2,"minecraft:porkchop":7,"minecraft:lightning_rod":1,"minecraft:diorite":137,"minecraft:rotten_flesh":29,"minecraft:tropical_fish":3,"minecraft:white_terracotta":2,"minecraft:obsidian":5,"minecraft:cobblestone":11615,"minecraft:birch_log":8,"minecraft:magma_block":2,"minecraft:leather_chestplate":3,"minecraft:water_bucket":2,"minecraft:andesite":141,"minecraft:beacon":2,"minecraft:flint":174,"minecraft:tuff":373,"minecraft:lapis_lazuli":697,"minecraft:dirt":3384,"minecraft:lantern":1,"minecraft:bone":2,"minecraft:stonecutter":2,"minecraft:bow":3,"minecraft:wheat_seeds":167,"minecraft:raw_gold":90,"minecraft:oak_planks":57,"minecraft:oak_pressure_plate":1,"minecraft:sand":2,"minecraft:diamond_block":4,"minecraft:mossy_cobblestone":8,"minecraft:polished_andesite":1,"minecraft:diamond":99,"minecraft:granite":148,"minecraft:bone_meal":57,"minecraft:golden_apple":1,"minecraft:emerald":32,"minecraft:oak_sapling":5,"minecraft:netherrack":1,"minecraft:crafting_table":4,"minecraft:azure_bluet":1,"minecraft:ladder":2,"minecraft:shield":4,"minecraft:cornflower":2,"minecraft:flint_and_steel":3,"minecraft:iron_shovel":6,"minecraft:cartography_table":2,"minecraft:beef":5,"minecraft:oak_boat":5,"minecraft:iron_nugget":10,"minecraft:poppy":1,"minecraft:chest":13,"minecraft:egg":1,"minecraft:raw_iron":796,"minecraft:oak_door":2,"minecraft:copper_ingot":125,"minecraft:bowl":4,"minecraft:carrot":397,"minecraft:redstone":1152,"minecraft:netherite_pickaxe":5,"minecraft:tnt":1,"minecraft:arrow":6,"minecraft:golden_hoe":2,"minecraft:saddle":2,"minecraft:gold_ingot":10,"minecraft:mutton":5,"minecraft:white_wool":24,"minecraft:bone_block":18,"minecraft:oxeye_daisy":4,"minecraft:glow_ink_sac":7,"minecraft:leather":4,"minecraft:filled_map":1,"minecraft:mushroom_stew":10,"minecraft:oak_log":143,"minecraft:yellow_bed":10,"minecraft:golden_boots":3,"minecraft:gunpowder":8,"minecraft:cobblestone_stairs":6,"minecraft:paper":48,"minecraft:coast_armor_trim_smithing_template":6,"minecraft:apple":2,"minecraft:stone_bricks":6,"minecraft:kelp":554,"minecraft:iron_ingot":30,"minecraft:soul_sand":52,"minecraft:oak_slab":2,"minecraft:emerald_block":6,"minecraft:birch_boat":1,"minecraft:sculk":9,"minecraft:brush":1,"minecraft:quartz":52,"minecraft:dandelion":17,"minecraft:spyglass":1,"minecraft:raw_iron_block":8,"minecraft:dripstone_block":3,"minecraft:gravel":662,"minecraft:amethyst_shard":146,"minecraft:white_bed":2,"minecraft:crying_obsidian":7,"minecraft:diamond_shovel":1,"minecraft:stone_axe":3,"minecraft:diamond_axe":3,"minecraft:painting":5,"minecraft:coal":1578},"minecraft:killed":{"minecraft:spider":5,"minecraft:skeleton":8,"minecraft:tropical_fish":3,"minecraft:magma_cube":7,"minecraft:pig":3,"minecraft:zombie_villager":2,"minecraft:creeper":5,"minecraft:sheep":4,"minecraft:zombie":31,"minecraft:glow_squid":2,"minecraft:cow":3,"minecraft:drowned":1}},"DataVersion":3953}