{"stats":{"minecraft:crafted":{"minecraft:oak_planks":464,"minecraft:smooth_stone":4,"minecraft:oak_sign":40,"minecraft:oak_pressure_plate":1,"minecraft:birch_boat":1,"minecraft:calibrated_sculk_sensor":35,"minecraft:chain":1,"minecraft:lightning_rod":1,"minecraft:stone":360,"minecraft:cobblestone_stairs":24,"minecraft:diamond_shovel":2,"minecraft:cooked_mutton":5,"minecraft:hopper":4,"minecraft:bow":1,"minecraft:iron_boots":1,"minecraft:chest":20,"minecraft:copper_block":16,"minecraft:oak_fence":9,"minecraft:raw_iron_block":34,"minecraft:arrow":48,"minecraft:emerald":93,"minecraft:cooked_porkchop":7,"minecraft:diamond_axe":2,"minecraft:crafting_table":6,"minecraft:iron_helmet":1,"minecraft:brush":1,"minecraft:raw_gold_block":2,"minecraft:copper_ingot":152,"minecraft:gold_block":4,"minecraft:birch_planks":28,"minecraft:painting":1,"minecraft:iron_chestplate":1,"minecraft:emerald_block":11,"minecraft:shield":2,"minecraft:stick":200,"minecraft:iron_ingot":105,"minecraft:iron_block":21,"minecraft:redstone_torch":4,"minecraft:redstone":36,"minecraft:raw_iron":342,"minecraft:coal":871,"minecraft:stone_shovel":3,"minecraft:iron_nugget":54,"minecraft:spyglass":1,"minecraft:diamond_hoe":1,"minecraft:furnace":8,"minecraft:blast_furnace":1,"minecraft:piston":9,"minecraft:bone_meal":147,"minecraft:diamond_block":15,"minecraft:lantern":7,"minecraft:ladder":6,"minecraft:birch_chest_boat":1,"minecraft:stone_pickaxe":1,"minecraft:cobblestone_wall":96,"minecraft:redstone_block":110,"minecraft:observer":9,"minecraft:wheat":171,"minecraft:cooked_beef":5,"minecraft:coal_block":104,"minecraft:bowl":8,"minecraft:bucket":10,"minecraft:stone_axe":2,"minecraft:air":0,"minecraft:bread":72,"minecraft:oak_boat":1,"minecraft:raw_gold":18,"minecraft:iron_shovel":6,"minecraft:iron_leggings":1,"minecraft:stonecutter":1,"minecraft:anvil":1,"minecraft:white_bed":2,"minecraft:torch":400,"minecraft:lapis_block":31},"minecraft:broken":{"minecraft:iron_shovel":5,"minecraft:diamond_shovel":1,"minecraft:stone_shovel":3,"minecraft:golden_pickaxe":1},"minecraft:mined":{"minecraft:large_amethyst_bud":1,"minecraft:spruce_planks":2,"minecraft:white_bed":5,"minecraft:cobblestone_stairs":6,"minecraft:sculk_vein":215,"minecraft:obsidian":7,"minecraft:granite":83,"minecraft:budding_amethyst":6,"minecraft:grass_block":963,"minecraft:coal_block":7,"minecraft:deepslate_tile_stairs":4,"minecraft:oxeye_daisy":4,"minecraft:oak_wall_sign":10,"minecraft:tuff_bricks":6,"minecraft:smooth_stone":4,"minecraft:raw_iron_block":4,"minecraft:magma_block":2,"minecraft:sculk_catalyst":14,"minecraft:iron_ore":84,"minecraft:cobbled_deepslate":17,"minecraft:fire":3,"minecraft:polished_tuff":3,"minecraft:waxed_oxidized_copper_bulb":1,"minecraft:deepslate_lapis_ore":33,"minecraft:sculk_shrieker":11,"minecraft:dirt_path":596,"minecraft:oak_stairs":51,"minecraft:polished_tuff_slab":2,"minecraft:deepslate_redstone_ore":138,"minecraft:kelp_plant":4,"minecraft:soul_fire":2,"minecraft:amethyst_cluster":17,"minecraft:torch":59,"minecraft:blast_furnace":2,"minecraft:calcite":1,"minecraft:poppy":2,"minecraft:beacon":2,"minecraft:chest":15,"minecraft:nether_quartz_ore":11,"minecraft:cobblestone":257,"minecraft:oak_planks":38,"minecraft:wall_torch":58,"minecraft:amethyst_block":11,"minecraft:white_terracotta":2,"minecraft:waxed_copper_bulb":12,"minecraft:birch_log":7,"minecraft:wheat":35,"minecraft:waxed_copper_block":36,"minecraft:cracked_deepslate_tiles":1,"minecraft:oak_log":116,"minecraft:sand":9,"minecraft:dirt":3178,"minecraft:stonecutter":3,"minecraft:netherrack":23,"minecraft:oak_leaves":60,"minecraft:deepslate":2441,"minecraft:emerald_block":6,"minecraft:deepslate_tiles":2,"minecraft:diamond_ore":1,"minecraft:crying_obsidian":5,"minecraft:tuff":686,"minecraft:mossy_cobblestone":8,"minecraft:deepslate_diamond_ore":66,"minecraft:oak_door":1,"minecraft:glow_lichen":1,"minecraft:decorated_pot":10,"minecraft:calibrated_sculk_sensor":1,"minecraft:kelp":2,"minecraft:cartography_table":2,"minecraft:redstone_ore":29,"minecraft:waxed_oxidized_cut_copper":1,"minecraft:furnace":10,"minecraft:carrots":69,"minecraft:waxed_copper_grate":1,"minecraft:andesite":201,"minecraft:diamond_block":4,"minecraft:chiseled_tuff":1,"minecraft:deepslate_iron_ore":154,"minecraft:lantern":1,"minecraft:waxed_weathered_copper_bulb":2,"minecraft:stone":9414,"minecraft:bone_block":18,"minecraft:redstone_wall_torch":4,"minecraft:waxed_exposed_copper_bulb":8,"minecraft:oak_slab":1,"minecraft:glass_pane":5,"minecraft:soul_sand":10,"minecraft:stone_brick_slab":2,"minecraft:dandelion":7,"minecraft:oak_fence":5,"minecraft:crafting_table":4,"minecraft:short_grass":143,"minecraft:sculk_sensor":88,"minecraft:lightning_rod":1,"minecraft:copper_ore":42,"minecraft:tall_grass":28,"minecraft:deepslate_coal_ore":5,"minecraft:red_glazed_terracotta":2,"minecraft:lapis_ore":8,"minecraft:deepslate_gold_ore":33,"minecraft:sculk":1813,"minecraft:diorite":90,"minecraft:spruce_stairs":2,"minecraft:gray_wool":3,"minecraft:cobblestone_wall":37,"minecraft:waxed_oxidized_copper_grate":5,"minecraft:redstone_torch":5,"minecraft:birch_leaves":2,"minecraft:yellow_bed":15,"minecraft:coal_ore":639,"minecraft:gravel":373,"minecraft:dripstone_block":3,"minecraft:gray_carpet":1,"minecraft:polished_andesite":1,"minecraft:stone_bricks":8,"minecraft:gold_ore":4},"minecraft:dropped":{"minecraft:diamond_axe":1,"minecraft:oak_pressure_plate":2,"minecraft:glow_ink_sac":3,"minecraft:light_weighted_pressure_plate":1,"minecraft:flint":1,"minecraft:dirt":136,"minecraft:cornflower":2,"minecraft:birch_log":1,"minecraft:gold_ingot":1,"minecraft:gravel":14,"minecraft:red_glazed_terracotta":2,"minecraft:stone_axe":3,"minecraft:spyglass":1,"minecraft:iron_nugget":2,"minecraft:cobbled_deepslate":80,"minecraft:wheat":2,"minecraft:rotten_flesh":33,"minecraft:oak_planks":2,"minecraft:azure_bluet":1,"minecraft:carrot":192,"minecraft:gunpowder":4,"minecraft:chiseled_tuff":1,"minecraft:arrow":4,"minecraft:netherrack":1,"minecraft:bread":24,"minecraft:netherite_pickaxe":1,"minecraft:wheat_seeds":10,"minecraft:dripstone_block":3,"minecraft:feather":2,"minecraft:cobblestone":575,"minecraft:polished_tuff":3,"minecraft:apple":1,"minecraft:granite":52,"minecraft:mushroom_stew":3,"minecraft:coal_block":5,"minecraft:stick":18,"minecraft:oxeye_daisy":2,"minecraft:sculk":3,"minecraft:diorite":1,"minecraft:cooked_salmon":4,"minecraft:iron_leggings":1,"minecraft:iron_shovel":2,"minecraft:paper":48,"minecraft:dandelion":12,"minecraft:redstone":64,"minecraft:tuff_bricks":6,"minecraft:polished_tuff_slab":1,"minecraft:bowl":2,"minecraft:tuff":25,"minecraft:filled_map":2,"minecraft:andesite":2,"minecraft:stone_bricks":1,"minecraft:beacon":2,"minecraft:bow":2},"minecraft:custom":{"minecraft:interact_with_crafting_table":159,"minecraft:open_barrel":3,"minecraft:leave_game":19,"minecraft:time_since_death":76671,"minecraft:sprint_one_cm":1332451,"minecraft:damage_blocked_by_shield":375,"minecraft:drop":272,"minecraft:talked_to_villager":60,"minecraft:play_time":1001129,"minecraft:deaths":12,"minecraft:jump":6325,"minecraft:walk_on_water_one_cm":223524,"minecraft:interact_with_furnace":114,"minecraft:traded_with_villager":97,"minecraft:sleep_in_bed":9,"minecraft:damage_dealt":18108,"minecraft:interact_with_beacon":23,"minecraft:crouch_one_cm":237874,"minecraft:inspect_dispenser":5,"minecraft:horse_one_cm":2858,"minecraft:interact_with_anvil":4,"minecraft:mob_kills":96,"minecraft:inspect_hopper":19,"minecraft:climb_one_cm":13405,"minecraft:walk_one_cm":3720375,"minecraft:sneak_time":64536,"minecraft:walk_under_water_one_cm":1504319,"minecraft:boat_one_cm":99842,"minecraft:interact_with_blast_furnace":19,"minecraft:total_world_time":1001129,"minecraft:interact_with_stonecutter":5,"minecraft:interact_with_grindstone":1,"minecraft:time_since_rest":76762,"minecraft:damage_taken":10251,"minecraft:damage_absorbed":80,"minecraft:swim_one_cm":159909,"minecraft:fly_one_cm":631464,"minecraft:open_chest":474,"minecraft:fall_one_cm":167121},"minecraft:killed":{"minecraft:spider":6,"minecraft:skeleton":13,"minecraft:silverfish":3,"minecraft:tropical_fish":3,"minecraft:magma_cube":7,"minecraft:pig":3,"minecraft:zombie_villager":3,"minecraft:iron_golem":2,"minecraft:creeper":5,"minecraft:sheep":4,"minecraft:zombie":34,"minecraft:glow_squid":2,"minecraft:cow":3,"minecraft:drowned":1,"minecraft:warden":1,"minecraft:breeze":3,"minecraft:enderman":1},"minecraft:picked_up":{"minecraft:iron_chestplate":3,"minecraft:wheat":45,"minecraft:redstone_block":15,"minecraft:lead":4,"minecraft:calibrated_sculk_sensor":1,"minecraft:oak_stairs":44,"minecraft:enchanted_book":7,"minecraft:amethyst_block":11,"minecraft:lapis_block":22,"minecraft:string":2,"minecraft:raw_copper":296,"minecraft:cooked_salmon":12,"minecraft:iron_leggings":3,"minecraft:experience_bottle":9,"minecraft:sculk_shrieker":16,"minecraft:oak_sign":34,"minecraft:cobbled_deepslate":3396,"minecraft:smooth_stone":4,"minecraft:bucket":22,"minecraft:spruce_planks":2,"minecraft:light_weighted_pressure_plate":1,"minecraft:trial_key":1,"minecraft:redstone_torch":9,"minecraft:enchanted_golden_apple":6,"minecraft:coal_block":124,"minecraft:furnace":9,"minecraft:iron_boots":2,"minecraft:stick":28,"minecraft:oak_fence":5,"minecraft:torch":506,"minecraft:spruce_stairs":2,"minecraft:porkchop":7,"minecraft:netherite_shovel":4,"minecraft:lightning_rod":1,"minecraft:villager_spawn_egg":9,"minecraft:waxed_weathered_copper_bulb":2,"minecraft:diorite":139,"minecraft:zombie_spawn_egg":2,"minecraft:rotten_flesh":163,"minecraft:tropical_fish":3,"minecraft:white_terracotta":2,"minecraft:obsidian":5,"minecraft:cobblestone":11832,"minecraft:birch_log":8,"minecraft:magma_block":2,"minecraft:leather_chestplate":3,"minecraft:water_bucket":2,"minecraft:andesite":141,"minecraft:beacon":2,"minecraft:flint":175,"minecraft:tuff":400,"minecraft:lapis_lazuli":697,"minecraft:dirt":4747,"minecraft:lantern":1,"minecraft:name_tag":4,"minecraft:bone":8,"minecraft:stonecutter":3,"minecraft:bow":7,"minecraft:wheat_seeds":167,"minecraft:raw_gold":90,"minecraft:oak_planks":61,"minecraft:cooked_porkchop":88,"minecraft:music_disc_13":2,"minecraft:oak_pressure_plate":1,"minecraft:sand":2,"minecraft:diamond_block":5,"minecraft:mossy_cobblestone":8,"minecraft:polished_andesite":1,"minecraft:diamond":170,"minecraft:waxed_oxidized_copper_grate":5,"minecraft:granite":148,"minecraft:breeze_rod":12,"minecraft:bone_meal":57,"minecraft:golden_apple":1,"minecraft:emerald":54,"minecraft:bread":71,"minecraft:oak_sapling":5,"minecraft:netherrack":1,"minecraft:crafting_table":4,"minecraft:azure_bluet":1,"minecraft:ladder":2,"minecraft:brick":36,"minecraft:shield":7,"minecraft:wind_charge":45,"minecraft:cornflower":2,"minecraft:flint_and_steel":3,"minecraft:compass":2,"minecraft:iron_shovel":6,"minecraft:cartography_table":2,"minecraft:beef":5,"minecraft:echo_shard":15,"minecraft:oak_boat":5,"minecraft:chiseled_tuff":1,"minecraft:iron_nugget":10,"minecraft:poppy":1,"minecraft:chest":15,"minecraft:diamond_hoe":3,"minecraft:egg":1,"minecraft:raw_iron":796,"minecraft:oak_door":2,"minecraft:copper_ingot":125,"minecraft:bowl":4,"minecraft:carrot":397,"minecraft:redstone":1331,"minecraft:netherite_pickaxe":11,"minecraft:tnt":1,"minecraft:arrow":31,"minecraft:golden_hoe":2,"minecraft:saddle":2,"minecraft:gold_ingot":10,"minecraft:tuff_bricks":6,"minecraft:bone_block":18,"minecraft:glow_berries":9,"minecraft:mutton":5,"minecraft:white_wool":24,"minecraft:oxeye_daisy":4,"minecraft:glow_ink_sac":7,"minecraft:leather":4,"minecraft:red_glazed_terracotta":2,"minecraft:filled_map":1,"minecraft:waxed_copper_bulb":12,"minecraft:mushroom_stew":19,"minecraft:oak_log":148,"minecraft:waxed_copper_block":31,"minecraft:cobblestone_wall":35,"minecraft:golden_boots":3,"minecraft:yellow_bed":15,"minecraft:gunpowder":8,"minecraft:cobblestone_stairs":6,"minecraft:sculk_vein":3,"minecraft:paper":48,"minecraft:coast_armor_trim_smithing_template":6,"minecraft:stone_bricks":8,"minecraft:apple":20,"minecraft:gray_carpet":1,"minecraft:kelp":554,"minecraft:iron_ingot":55,"minecraft:polished_tuff_slab":1,"minecraft:soul_sand":52,"minecraft:sculk_catalyst":6,"minecraft:oak_slab":2,"minecraft:emerald_block":6,"minecraft:birch_boat":1,"minecraft:sculk":193,"minecraft:dripstone_block":3,"minecraft:brush":1,"minecraft:waxed_exposed_copper_bulb":5,"minecraft:quartz":52,"minecraft:dandelion":20,"minecraft:spyglass":1,"minecraft:raw_iron_block":8,"minecraft:gravel":724,"minecraft:lava_bucket":1,"minecraft:amethyst_shard":155,"minecraft:soul_torch":90,"minecraft:blast_furnace":1,"minecraft:white_bed":5,"minecraft:crying_obsidian":7,"minecraft:polished_tuff":3,"minecraft:diamond_shovel":1,"minecraft:sculk_sensor":170,"minecraft:stone_axe":3,"minecraft:iron_helmet":3,"minecraft:diamond_axe":7,"minecraft:painting":5,"minecraft:baked_potato":2,"minecraft:coal":1580},"minecraft:killed_by":{"minecraft:zombie":1,"minecraft:warden":7},"minecraft:used":{"minecraft:iron_shovel":1484,"minecraft:oak_sign":52,"minecraft:ladder":4,"minecraft:diamond_hoe":1815,"minecraft:chest":30,"minecraft:shield":14,"minecraft:zombie_spawn_egg":4,"minecraft:rotten_flesh":28,"minecraft:soul_sand":3,"minecraft:carrot":97,"minecraft:tuff":39,"minecraft:obsidian":6,"minecraft:lava_bucket":10,"minecraft:waxed_oxidized_copper_grate":5,"minecraft:netherite_shovel":2469,"minecraft:villager_spawn_egg":3,"minecraft:lantern":8,"minecraft:waxed_exposed_copper_bulb":1,"minecraft:stone_bricks":341,"minecraft:magma_block":2,"minecraft:bow":20,"minecraft:oak_sapling":5,"minecraft:furnace":16,"minecraft:cooked_cod":3,"minecraft:egg":1,"minecraft:diorite":10,"minecraft:waxed_weathered_copper_bulb":2,"minecraft:stone_pickaxe":75,"minecraft:oak_planks":69,"minecraft:diamond_axe":378,"minecraft:golden_apple":2,"minecraft:sand":2,"minecraft:mushroom_stew":40,"minecraft:blast_furnace":3,"minecraft:lightning_rod":2,"minecraft:redstone_torch":9,"minecraft:crying_obsidian":1,"minecraft:bread":17,"minecraft:gravel":35,"minecraft:coal_block":28,"minecraft:andesite":8,"minecraft:chain":1,"minecraft:oak_boat":6,"minecraft:golden_pickaxe":32,"minecraft:waxed_copper_bulb":2,"minecraft:bone_meal":331,"minecraft:oak_fence":12,"minecraft:flint_and_steel":2,"minecraft:tropical_fish":3,"minecraft:stone_shovel":399,"minecraft:sculk":14,"minecraft:trial_key":1,"minecraft:oak_door":1,"minecraft:spyglass":2,"minecraft:torch":676,"minecraft:dirt":1481,"minecraft:anvil":1,"minecraft:hopper":4,"minecraft:cobblestone_wall":92,"minecraft:granite":1,"minecraft:birch_chest_boat":1,"minecraft:oak_stairs":30,"minecraft:emerald_block":12,"minecraft:netherite_pickaxe":15357,"minecraft:cooked_beef":5,"minecraft:cobbled_deepslate":210,"minecraft:wheat_seeds":6,"minecraft:cooked_mutton":5,"minecraft:water_bucket":68,"minecraft:cobblestone_stairs":57,"minecraft:baked_potato":2,"minecraft:polished_andesite":38,"minecraft:cartography_table":2,"minecraft:birch_boat":1,"minecraft:beacon":3,"minecraft:stonecutter":4,"minecraft:waxed_copper_block":16,"minecraft:diamond_block":7,"minecraft:crafting_table":10,"minecraft:sculk_shrieker":1,"minecraft:white_bed":7,"minecraft:painting":6,"minecraft:oxeye_daisy":1,"minecraft:diamond_shovel":1805,"minecraft:stone_axe":149,"minecraft:cobblestone":465,"minecraft:cooked_porkchop":19,"minecraft:bucket":87,"minecraft:yellow_bed":15,"minecraft:kelp":269,"minecraft:smooth_stone":4,"minecraft:sculk_catalyst":3}},"DataVersion":3953}