{"stats":{"minecraft:broken":{"minecraft:iron_shovel":2,"minecraft:golden_pickaxe":1,"minecraft:stone_shovel":2},"minecraft:mined":{"minecraft:crying_obsidian":5,"minecraft:tuff":56,"minecraft:spruce_planks":2,"minecraft:deepslate_diamond_ore":13,"minecraft:obsidian":7,"minecraft:glow_lichen":1,"minecraft:granite":46,"minecraft:grass_block":341,"minecraft:coal_block":7,"minecraft:kelp":2,"minecraft:magma_block":2,"minecraft:redstone_ore":4,"minecraft:furnace":2,"minecraft:iron_ore":17,"minecraft:cobbled_deepslate":6,"minecraft:fire":2,"minecraft:andesite":196,"minecraft:diamond_block":4,"minecraft:deepslate_lapis_ore":9,"minecraft:deepslate_iron_ore":7,"minecraft:dirt_path":42,"minecraft:oak_stairs":1,"minecraft:stone":5846,"minecraft:bone_block":18,"minecraft:deepslate_redstone_ore":9,"minecraft:soul_sand":10,"minecraft:kelp_plant":4,"minecraft:stone_brick_slab":2,"minecraft:dandelion":1,"minecraft:crafting_table":3,"minecraft:torch":25,"minecraft:short_grass":15,"minecraft:beacon":2,"minecraft:chest":2,"minecraft:nether_quartz_ore":11,"minecraft:lightning_rod":1,"minecraft:copper_ore":19,"minecraft:tall_grass":13,"minecraft:cobblestone":78,"minecraft:lapis_ore":1,"minecraft:deepslate_gold_ore":5,"minecraft:oak_planks":3,"minecraft:diorite":44,"minecraft:wall_torch":18,"minecraft:spruce_stairs":2,"minecraft:birch_log":7,"minecraft:wheat":6,"minecraft:birch_leaves":2,"minecraft:oak_log":43,"minecraft:coal_ore":433,"minecraft:gravel":169,"minecraft:dirt":731,"minecraft:netherrack":10,"minecraft:oak_leaves":48,"minecraft:deepslate":1749,"minecraft:emerald_block":6},"minecraft:killed_by":{"minecraft:zombie":1},"minecraft:custom":{"minecraft:mob_kills":38,"minecraft:interact_with_crafting_table":48,"minecraft:leave_game":11,"minecraft:time_since_death":2347,"minecraft:climb_one_cm":176,"minecraft:sprint_one_cm":245927,"minecraft:walk_one_cm":1160129,"minecraft:drop":42,"minecraft:talked_to_villager":23,"minecraft:play_time":364579,"minecraft:sneak_time":9869,"minecraft:deaths":4,"minecraft:walk_under_water_one_cm":1106932,"minecraft:boat_one_cm":56088,"minecraft:jump":1849,"minecraft:walk_on_water_one_cm":115577,"minecraft:total_world_time":364579,"minecraft:interact_with_furnace":41,"minecraft:traded_with_villager":66,"minecraft:sleep_in_bed":4,"minecraft:time_since_rest":2384,"minecraft:damage_taken":4171,"minecraft:damage_absorbed":80,"minecraft:damage_dealt":4578,"minecraft:interact_with_beacon":23,"minecraft:swim_one_cm":119270,"minecraft:fly_one_cm":190333,"minecraft:open_chest":95,"minecraft:crouch_one_cm":4402,"minecraft:fall_one_cm":53075},"minecraft:used":{"minecraft:iron_shovel":958,"minecraft:flint_and_steel":2,"minecraft:tropical_fish":3,"minecraft:stone_shovel":267,"minecraft:oak_sign":28,"minecraft:chest":8,"minecraft:rotten_flesh":1,"minecraft:torch":201,"minecraft:soul_sand":3,"minecraft:dirt":60,"minecraft:tuff":31,"minecraft:granite":1,"minecraft:obsidian":6,"minecraft:lava_bucket":8,"minecraft:birch_chest_boat":1,"minecraft:magma_block":2,"minecraft:emerald_block":12,"minecraft:oak_sapling":5,"minecraft:furnace":6,"minecraft:netherite_pickaxe":8679,"minecraft:cooked_beef":5,"minecraft:cobbled_deepslate":174,"minecraft:cooked_mutton":5,"minecraft:wheat_seeds":6,"minecraft:water_bucket":38,"minecraft:diorite":10,"minecraft:cobblestone_stairs":21,"minecraft:oak_planks":4,"minecraft:stone_pickaxe":75,"minecraft:birch_boat":1,"minecraft:beacon":3,"minecraft:golden_apple":2,"minecraft:diamond_block":7,"minecraft:crafting_table":8,"minecraft:mushroom_stew":10,"minecraft:lightning_rod":2,"minecraft:oxeye_daisy":1,"minecraft:crying_obsidian":1,"minecraft:bread":6,"minecraft:gravel":16,"minecraft:stone_axe":87,"minecraft:coal_block":28,"minecraft:cobblestone":260,"minecraft:cooked_porkchop":7,"minecraft:andesite":8,"minecraft:bucket":46,"minecraft:kelp":269,"minecraft:golden_pickaxe":32,"minecraft:bone_meal":162},"minecraft:dropped":{"minecraft:wheat_seeds":10,"minecraft:oak_pressure_plate":2,"minecraft:feather":2,"minecraft:cobblestone":556,"minecraft:mushroom_stew":1,"minecraft:stick":17,"minecraft:light_weighted_pressure_plate":1,"minecraft:dirt":3,"minecraft:iron_shovel":2,"minecraft:paper":48,"minecraft:birch_log":1,"minecraft:dandelion":4,"minecraft:gold_ingot":1,"minecraft:stone_axe":2,"minecraft:iron_nugget":2,"minecraft:cobbled_deepslate":5,"minecraft:bowl":1,"minecraft:tuff":6,"minecraft:oak_planks":1,"minecraft:filled_map":2,"minecraft:gunpowder":2,"minecraft:beacon":2},"minecraft:crafted":{"minecraft:oak_planks":172,"minecraft:stone_shovel":2,"minecraft:coal":639,"minecraft:oak_sign":31,"minecraft:oak_pressure_plate":1,"minecraft:birch_boat":1,"minecraft:lightning_rod":1,"minecraft:furnace":5,"minecraft:cobblestone_stairs":24,"minecraft:bone_meal":147,"minecraft:cooked_mutton":5,"minecraft:diamond_block":3,"minecraft:birch_chest_boat":1,"minecraft:stone_pickaxe":1,"minecraft:chest":7,"minecraft:cooked_beef":5,"minecraft:coal_block":55,"minecraft:emerald":66,"minecraft:cooked_porkchop":7,"minecraft:diamond_axe":1,"minecraft:crafting_table":5,"minecraft:brush":1,"minecraft:bowl":4,"minecraft:copper_ingot":5,"minecraft:bucket":2,"minecraft:birch_planks":28,"minecraft:stone_axe":1,"minecraft:air":0,"minecraft:bread":6,"minecraft:emerald_block":6,"minecraft:shield":1,"minecraft:stick":52,"minecraft:iron_ingot":59,"minecraft:iron_shovel":4,"minecraft:torch":92},"minecraft:picked_up":{"minecraft:crafting_table":3,"minecraft:wheat":12,"minecraft:shield":3,"minecraft:raw_copper":199,"minecraft:flint_and_steel":2,"minecraft:iron_shovel":6,"minecraft:oak_sign":27,"minecraft:cobbled_deepslate":1118,"minecraft:bucket":4,"minecraft:spruce_planks":2,"minecraft:beef":5,"minecraft:light_weighted_pressure_plate":1,"minecraft:iron_nugget":6,"minecraft:coal_block":96,"minecraft:chest":2,"minecraft:furnace":1,"minecraft:stick":26,"minecraft:raw_iron":55,"minecraft:torch":212,"minecraft:bowl":4,"minecraft:spruce_stairs":2,"minecraft:porkchop":7,"minecraft:lightning_rod":1,"minecraft:diorite":34,"minecraft:redstone":146,"minecraft:netherite_pickaxe":3,"minecraft:rotten_flesh":10,"minecraft:tropical_fish":3,"minecraft:gold_ingot":2,"minecraft:obsidian":5,"minecraft:mutton":5,"minecraft:bone_block":18,"minecraft:white_wool":16,"minecraft:cobblestone":6484,"minecraft:oxeye_daisy":1,"minecraft:birch_log":8,"minecraft:magma_block":2,"minecraft:leather_chestplate":3,"minecraft:water_bucket":2,"minecraft:andesite":72,"minecraft:leather":2,"minecraft:beacon":2,"minecraft:filled_map":1,"minecraft:mushroom_stew":5,"minecraft:flint":77,"minecraft:tuff":54,"minecraft:oak_log":43,"minecraft:golden_boots":3,"minecraft:gunpowder":4,"minecraft:lapis_lazuli":173,"minecraft:paper":48,"minecraft:dirt":1059,"minecraft:kelp":445,"minecraft:wheat_seeds":38,"minecraft:raw_gold":8,"minecraft:iron_ingot":29,"minecraft:oak_planks":30,"minecraft:soul_sand":38,"minecraft:emerald_block":6,"minecraft:birch_boat":1,"minecraft:quartz":26,"minecraft:dandelion":4,"minecraft:oak_pressure_plate":1,"minecraft:gravel":282,"minecraft:diamond_block":4,"minecraft:crying_obsidian":4,"minecraft:diamond":36,"minecraft:stone_axe":1,"minecraft:granite":46,"minecraft:diamond_axe":2,"minecraft:bone_meal":36,"minecraft:golden_apple":1,"minecraft:emerald":32,"minecraft:oak_sapling":5,"minecraft:coal":1038},"minecraft:killed":{"minecraft:spider":2,"minecraft:skeleton":1,"minecraft:drowned":1,"minecraft:tropical_fish":3,"minecraft:magma_cube":7,"minecraft:pig":3,"minecraft:zombie_villager":1,"minecraft:creeper":3,"minecraft:sheep":4,"minecraft:zombie":10,"minecraft:cow":3}},"DataVersion":3953}