{"stats":{"minecraft:broken":{"minecraft:iron_shovel":5,"minecraft:diamond_shovel":1,"minecraft:stone_shovel":3,"minecraft:golden_pickaxe":1},"minecraft:mined":{"minecraft:large_amethyst_bud":1,"minecraft:spruce_planks":2,"minecraft:white_bed":5,"minecraft:cobblestone_stairs":6,"minecraft:sculk_vein":60,"minecraft:obsidian":7,"minecraft:granite":83,"minecraft:budding_amethyst":6,"minecraft:grass_block":963,"minecraft:coal_block":7,"minecraft:oxeye_daisy":4,"minecraft:oak_wall_sign":10,"minecraft:tuff_bricks":6,"minecraft:smooth_stone":4,"minecraft:magma_block":2,"minecraft:raw_iron_block":4,"minecraft:sculk_catalyst":1,"minecraft:iron_ore":84,"minecraft:cobbled_deepslate":16,"minecraft:fire":3,"minecraft:polished_tuff":3,"minecraft:waxed_oxidized_copper_bulb":1,"minecraft:deepslate_lapis_ore":33,"minecraft:sculk_shrieker":3,"minecraft:dirt_path":593,"minecraft:oak_stairs":51,"minecraft:polished_tuff_slab":2,"minecraft:deepslate_redstone_ore":112,"minecraft:kelp_plant":4,"minecraft:amethyst_cluster":17,"minecraft:torch":59,"minecraft:blast_furnace":2,"minecraft:calcite":1,"minecraft:poppy":2,"minecraft:beacon":2,"minecraft:chest":15,"minecraft:nether_quartz_ore":11,"minecraft:cobblestone":251,"minecraft:oak_planks":38,"minecraft:wall_torch":56,"minecraft:amethyst_block":11,"minecraft:white_terracotta":2,"minecraft:waxed_copper_bulb":12,"minecraft:birch_log":7,"minecraft:wheat":35,"minecraft:waxed_copper_block":36,"minecraft:oak_log":116,"minecraft:sand":9,"minecraft:dirt":3160,"minecraft:stonecutter":3,"minecraft:netherrack":23,"minecraft:oak_leaves":60,"minecraft:deepslate":2394,"minecraft:emerald_block":6,"minecraft:diamond_ore":1,"minecraft:crying_obsidian":5,"minecraft:tuff":659,"minecraft:mossy_cobblestone":8,"minecraft:deepslate_diamond_ore":34,"minecraft:oak_door":1,"minecraft:glow_lichen":1,"minecraft:decorated_pot":10,"minecraft:cartography_table":2,"minecraft:kelp":2,"minecraft:redstone_ore":29,"minecraft:waxed_oxidized_cut_copper":1,"minecraft:furnace":10,"minecraft:carrots":69,"minecraft:waxed_copper_grate":1,"minecraft:andesite":201,"minecraft:diamond_block":4,"minecraft:chiseled_tuff":1,"minecraft:deepslate_iron_ore":154,"minecraft:lantern":1,"minecraft:waxed_weathered_copper_bulb":2,"minecraft:stone":9343,"minecraft:bone_block":18,"minecraft:redstone_wall_torch":4,"minecraft:waxed_exposed_copper_bulb":8,"minecraft:oak_slab":1,"minecraft:glass_pane":5,"minecraft:soul_sand":10,"minecraft:stone_brick_slab":2,"minecraft:dandelion":7,"minecraft:oak_fence":5,"minecraft:crafting_table":4,"minecraft:short_grass":143,"minecraft:sculk_sensor":6,"minecraft:lightning_rod":1,"minecraft:tall_grass":28,"minecraft:copper_ore":34,"minecraft:deepslate_coal_ore":5,"minecraft:red_glazed_terracotta":2,"minecraft:deepslate_gold_ore":33,"minecraft:lapis_ore":8,"minecraft:sculk":307,"minecraft:diorite":87,"minecraft:spruce_stairs":2,"minecraft:gray_wool":1,"minecraft:cobblestone_wall":37,"minecraft:waxed_oxidized_copper_grate":5,"minecraft:redstone_torch":5,"minecraft:birch_leaves":2,"minecraft:yellow_bed":15,"minecraft:coal_ore":639,"minecraft:gravel":373,"minecraft:dripstone_block":3,"minecraft:gray_carpet":1,"minecraft:stone_bricks":8,"minecraft:polished_andesite":1,"minecraft:gold_ore":4},"minecraft:killed_by":{"minecraft:zombie":1,"minecraft:warden":3},"minecraft:custom":{"minecraft:interact_with_crafting_table":149,"minecraft:open_barrel":3,"minecraft:leave_game":17,"minecraft:time_since_death":264738,"minecraft:sprint_one_cm":1164127,"minecraft:damage_blocked_by_shield":330,"minecraft:drop":248,"minecraft:talked_to_villager":58,"minecraft:play_time":870888,"minecraft:deaths":8,"minecraft:jump":5418,"minecraft:walk_on_water_one_cm":209066,"minecraft:interact_with_furnace":114,"minecraft:traded_with_villager":97,"minecraft:sleep_in_bed":9,"minecraft:damage_dealt":15602,"minecraft:interact_with_beacon":23,"minecraft:crouch_one_cm":80936,"minecraft:inspect_dispenser":5,"minecraft:horse_one_cm":2858,"minecraft:interact_with_anvil":2,"minecraft:mob_kills":94,"minecraft:inspect_hopper":16,"minecraft:climb_one_cm":10096,"minecraft:walk_one_cm":3262818,"minecraft:sneak_time":32093,"minecraft:walk_under_water_one_cm":1481063,"minecraft:boat_one_cm":99842,"minecraft:interact_with_blast_furnace":18,"minecraft:total_world_time":870888,"minecraft:interact_with_stonecutter":5,"minecraft:interact_with_grindstone":1,"minecraft:time_since_rest":38363,"minecraft:damage_taken":7897,"minecraft:damage_absorbed":80,"minecraft:swim_one_cm":159909,"minecraft:fly_one_cm":546001,"minecraft:open_chest":410,"minecraft:fall_one_cm":141571},"minecraft:used":{"minecraft:iron_shovel":1484,"minecraft:oak_sign":52,"minecraft:ladder":4,"minecraft:diamond_hoe":262,"minecraft:chest":30,"minecraft:shield":13,"minecraft:zombie_spawn_egg":3,"minecraft:rotten_flesh":28,"minecraft:soul_sand":3,"minecraft:carrot":97,"minecraft:tuff":39,"minecraft:obsidian":6,"minecraft:lava_bucket":10,"minecraft:waxed_oxidized_copper_grate":5,"minecraft:netherite_shovel":2028,"minecraft:villager_spawn_egg":2,"minecraft:lantern":8,"minecraft:waxed_exposed_copper_bulb":1,"minecraft:stone_bricks":341,"minecraft:bow":2,"minecraft:magma_block":2,"minecraft:oak_sapling":5,"minecraft:furnace":16,"minecraft:egg":1,"minecraft:diorite":10,"minecraft:waxed_weathered_copper_bulb":2,"minecraft:stone_pickaxe":75,"minecraft:oak_planks":69,"minecraft:diamond_axe":330,"minecraft:golden_apple":2,"minecraft:sand":2,"minecraft:mushroom_stew":39,"minecraft:blast_furnace":3,"minecraft:lightning_rod":2,"minecraft:redstone_torch":9,"minecraft:crying_obsidian":1,"minecraft:bread":15,"minecraft:gravel":35,"minecraft:coal_block":28,"minecraft:andesite":8,"minecraft:chain":1,"minecraft:oak_boat":6,"minecraft:golden_pickaxe":32,"minecraft:waxed_copper_bulb":2,"minecraft:bone_meal":331,"minecraft:oak_fence":12,"minecraft:flint_and_steel":2,"minecraft:tropical_fish":3,"minecraft:stone_shovel":399,"minecraft:trial_key":1,"minecraft:oak_door":1,"minecraft:spyglass":2,"minecraft:torch":605,"minecraft:dirt":982,"minecraft:hopper":4,"minecraft:cobblestone_wall":92,"minecraft:granite":1,"minecraft:birch_chest_boat":1,"minecraft:oak_stairs":30,"minecraft:emerald_block":12,"minecraft:netherite_pickaxe":14907,"minecraft:cooked_beef":5,"minecraft:cobbled_deepslate":209,"minecraft:wheat_seeds":6,"minecraft:cooked_mutton":5,"minecraft:water_bucket":68,"minecraft:cobblestone_stairs":57,"minecraft:baked_potato":2,"minecraft:polished_andesite":38,"minecraft:cartography_table":2,"minecraft:birch_boat":1,"minecraft:beacon":3,"minecraft:stonecutter":4,"minecraft:waxed_copper_block":16,"minecraft:diamond_block":7,"minecraft:crafting_table":10,"minecraft:white_bed":7,"minecraft:painting":6,"minecraft:oxeye_daisy":1,"minecraft:diamond_shovel":1805,"minecraft:stone_axe":149,"minecraft:cobblestone":460,"minecraft:cooked_porkchop":7,"minecraft:bucket":87,"minecraft:yellow_bed":13,"minecraft:kelp":269,"minecraft:smooth_stone":4},"minecraft:dropped":{"minecraft:diamond_axe":1,"minecraft:oak_pressure_plate":2,"minecraft:glow_ink_sac":3,"minecraft:light_weighted_pressure_plate":1,"minecraft:flint":1,"minecraft:dirt":136,"minecraft:cornflower":2,"minecraft:birch_log":1,"minecraft:gold_ingot":1,"minecraft:gravel":14,"minecraft:red_glazed_terracotta":2,"minecraft:stone_axe":3,"minecraft:spyglass":1,"minecraft:iron_nugget":2,"minecraft:cobbled_deepslate":78,"minecraft:oak_planks":2,"minecraft:azure_bluet":1,"minecraft:carrot":192,"minecraft:gunpowder":4,"minecraft:chiseled_tuff":1,"minecraft:arrow":4,"minecraft:netherrack":1,"minecraft:bread":12,"minecraft:netherite_pickaxe":1,"minecraft:wheat_seeds":10,"minecraft:dripstone_block":3,"minecraft:feather":2,"minecraft:cobblestone":575,"minecraft:polished_tuff":3,"minecraft:apple":1,"minecraft:granite":52,"minecraft:mushroom_stew":1,"minecraft:coal_block":5,"minecraft:stick":18,"minecraft:oxeye_daisy":2,"minecraft:diorite":1,"minecraft:iron_shovel":2,"minecraft:paper":48,"minecraft:dandelion":9,"minecraft:tuff_bricks":6,"minecraft:polished_tuff_slab":1,"minecraft:bowl":1,"minecraft:tuff":25,"minecraft:filled_map":2,"minecraft:andesite":2,"minecraft:stone_bricks":1,"minecraft:beacon":2,"minecraft:bow":2},"minecraft:crafted":{"minecraft:oak_planks":464,"minecraft:smooth_stone":4,"minecraft:oak_sign":40,"minecraft:oak_pressure_plate":1,"minecraft:birch_boat":1,"minecraft:chain":1,"minecraft:lightning_rod":1,"minecraft:stone":360,"minecraft:cobblestone_stairs":24,"minecraft:diamond_shovel":2,"minecraft:cooked_mutton":5,"minecraft:hopper":4,"minecraft:bow":1,"minecraft:iron_boots":1,"minecraft:chest":20,"minecraft:copper_block":16,"minecraft:oak_fence":9,"minecraft:raw_iron_block":34,"minecraft:arrow":48,"minecraft:emerald":93,"minecraft:cooked_porkchop":7,"minecraft:diamond_axe":2,"minecraft:crafting_table":6,"minecraft:iron_helmet":1,"minecraft:brush":1,"minecraft:raw_gold_block":2,"minecraft:copper_ingot":152,"minecraft:birch_planks":28,"minecraft:painting":1,"minecraft:iron_chestplate":1,"minecraft:emerald_block":6,"minecraft:shield":2,"minecraft:stick":200,"minecraft:iron_ingot":96,"minecraft:redstone_torch":4,"minecraft:redstone":36,"minecraft:raw_iron":342,"minecraft:coal":871,"minecraft:stone_shovel":3,"minecraft:iron_nugget":54,"minecraft:spyglass":1,"minecraft:diamond_hoe":1,"minecraft:furnace":8,"minecraft:blast_furnace":1,"minecraft:piston":9,"minecraft:bone_meal":147,"minecraft:diamond_block":8,"minecraft:lantern":7,"minecraft:ladder":6,"minecraft:birch_chest_boat":1,"minecraft:stone_pickaxe":1,"minecraft:cobblestone_wall":96,"minecraft:redstone_block":93,"minecraft:observer":9,"minecraft:wheat":171,"minecraft:cooked_beef":5,"minecraft:coal_block":104,"minecraft:bowl":8,"minecraft:bucket":10,"minecraft:stone_axe":2,"minecraft:air":0,"minecraft:bread":72,"minecraft:oak_boat":1,"minecraft:raw_gold":18,"minecraft:iron_shovel":6,"minecraft:stonecutter":1,"minecraft:iron_leggings":1,"minecraft:white_bed":2,"minecraft:torch":400,"minecraft:lapis_block":31},"minecraft:picked_up":{"minecraft:wheat":44,"minecraft:redstone_block":15,"minecraft:lead":2,"minecraft:oak_stairs":44,"minecraft:enchanted_book":1,"minecraft:amethyst_block":11,"minecraft:lapis_block":22,"minecraft:string":2,"minecraft:raw_copper":248,"minecraft:oak_sign":34,"minecraft:cobbled_deepslate":3390,"minecraft:smooth_stone":4,"minecraft:bucket":4,"minecraft:spruce_planks":2,"minecraft:light_weighted_pressure_plate":1,"minecraft:trial_key":1,"minecraft:redstone_torch":9,"minecraft:coal_block":124,"minecraft:furnace":9,"minecraft:stick":28,"minecraft:oak_fence":5,"minecraft:torch":384,"minecraft:spruce_stairs":2,"minecraft:porkchop":7,"minecraft:netherite_shovel":1,"minecraft:lightning_rod":1,"minecraft:waxed_weathered_copper_bulb":2,"minecraft:diorite":137,"minecraft:zombie_spawn_egg":2,"minecraft:rotten_flesh":31,"minecraft:tropical_fish":3,"minecraft:white_terracotta":2,"minecraft:obsidian":5,"minecraft:cobblestone":11768,"minecraft:birch_log":8,"minecraft:magma_block":2,"minecraft:leather_chestplate":3,"minecraft:water_bucket":2,"minecraft:andesite":141,"minecraft:beacon":2,"minecraft:flint":175,"minecraft:tuff":375,"minecraft:lapis_lazuli":697,"minecraft:dirt":4730,"minecraft:lantern":1,"minecraft:name_tag":2,"minecraft:bone":8,"minecraft:stonecutter":3,"minecraft:bow":4,"minecraft:wheat_seeds":167,"minecraft:raw_gold":90,"minecraft:oak_planks":61,"minecraft:oak_pressure_plate":1,"minecraft:sand":2,"minecraft:diamond_block":5,"minecraft:mossy_cobblestone":8,"minecraft:polished_andesite":1,"minecraft:diamond":99,"minecraft:waxed_oxidized_copper_grate":5,"minecraft:granite":148,"minecraft:breeze_rod":3,"minecraft:bone_meal":57,"minecraft:golden_apple":1,"minecraft:emerald":54,"minecraft:bread":3,"minecraft:oak_sapling":5,"minecraft:netherrack":1,"minecraft:crafting_table":4,"minecraft:azure_bluet":1,"minecraft:ladder":2,"minecraft:brick":36,"minecraft:shield":4,"minecraft:wind_charge":3,"minecraft:cornflower":2,"minecraft:flint_and_steel":3,"minecraft:iron_shovel":6,"minecraft:cartography_table":2,"minecraft:beef":5,"minecraft:oak_boat":5,"minecraft:chiseled_tuff":1,"minecraft:iron_nugget":10,"minecraft:poppy":1,"minecraft:chest":15,"minecraft:egg":1,"minecraft:raw_iron":796,"minecraft:oak_door":2,"minecraft:copper_ingot":125,"minecraft:bowl":4,"minecraft:carrot":397,"minecraft:redstone":1152,"minecraft:netherite_pickaxe":5,"minecraft:tnt":1,"minecraft:arrow":29,"minecraft:golden_hoe":2,"minecraft:saddle":2,"minecraft:gold_ingot":10,"minecraft:tuff_bricks":6,"minecraft:mutton":5,"minecraft:bone_block":18,"minecraft:white_wool":24,"minecraft:oxeye_daisy":4,"minecraft:glow_ink_sac":7,"minecraft:leather":4,"minecraft:red_glazed_terracotta":2,"minecraft:filled_map":1,"minecraft:waxed_copper_bulb":12,"minecraft:mushroom_stew":10,"minecraft:oak_log":148,"minecraft:waxed_copper_block":31,"minecraft:cobblestone_wall":35,"minecraft:golden_boots":3,"minecraft:yellow_bed":15,"minecraft:gunpowder":8,"minecraft:cobblestone_stairs":6,"minecraft:paper":48,"minecraft:coast_armor_trim_smithing_template":6,"minecraft:gray_carpet":1,"minecraft:apple":2,"minecraft:stone_bricks":8,"minecraft:kelp":554,"minecraft:iron_ingot":40,"minecraft:polished_tuff_slab":1,"minecraft:soul_sand":52,"minecraft:oak_slab":2,"minecraft:emerald_block":6,"minecraft:birch_boat":1,"minecraft:sculk":9,"minecraft:dripstone_block":3,"minecraft:brush":1,"minecraft:waxed_exposed_copper_bulb":5,"minecraft:quartz":52,"minecraft:dandelion":17,"minecraft:spyglass":1,"minecraft:raw_iron_block":8,"minecraft:gravel":724,"minecraft:lava_bucket":1,"minecraft:amethyst_shard":146,"minecraft:blast_furnace":1,"minecraft:white_bed":5,"minecraft:crying_obsidian":7,"minecraft:polished_tuff":3,"minecraft:diamond_shovel":1,"minecraft:stone_axe":3,"minecraft:diamond_axe":4,"minecraft:painting":5,"minecraft:baked_potato":2,"minecraft:coal":1580},"minecraft:killed":{"minecraft:spider":6,"minecraft:skeleton":13,"minecraft:silverfish":3,"minecraft:tropical_fish":3,"minecraft:magma_cube":7,"minecraft:pig":3,"minecraft:zombie_villager":3,"minecraft:iron_golem":2,"minecraft:creeper":5,"minecraft:sheep":4,"minecraft:zombie":34,"minecraft:glow_squid":2,"minecraft:cow":3,"minecraft:drowned":1,"minecraft:breeze":3}},"DataVersion":3953}