{"stats":{"minecraft:broken":{"minecraft:diamond_shovel":1,"minecraft:iron_shovel":7,"minecraft:stone_shovel":3,"minecraft:diamond_axe":1,"minecraft:golden_pickaxe":1},"minecraft:mined":{"minecraft:dragon_wall_head":2,"minecraft:white_bed":13,"minecraft:obsidian":7,"minecraft:granite":162,"minecraft:chiseled_polished_blackstone":1,"minecraft:acacia_log":1,"minecraft:coal_block":22,"minecraft:deepslate_tile_stairs":4,"minecraft:hopper":22,"minecraft:oak_wall_sign":10,"minecraft:oxeye_daisy":4,"minecraft:chiseled_stone_bricks":1,"minecraft:polished_blackstone_bricks":196,"minecraft:magma_block":2,"minecraft:fire":45,"minecraft:cobbled_deepslate":43,"minecraft:waxed_oxidized_copper_bulb":1,"minecraft:deepslate_lapis_ore":33,"minecraft:sculk_shrieker":11,"minecraft:dirt_path":753,"minecraft:oak_stairs":69,"minecraft:soul_wall_torch":5,"minecraft:cut_sandstone":17,"minecraft:brown_mushroom":7,"minecraft:kelp_plant":7,"minecraft:soul_fire":13,"minecraft:amethyst_cluster":17,"minecraft:torch":210,"minecraft:blast_furnace":6,"minecraft:glass":26,"minecraft:sugar_cane":30,"minecraft:amethyst_block":11,"minecraft:white_terracotta":2,"minecraft:chain":6,"minecraft:waxed_copper_bulb":14,"minecraft:wheat":161,"minecraft:waxed_copper_block":43,"minecraft:stonecutter":5,"minecraft:piston":2,"minecraft:deepslate":2448,"minecraft:suspicious_gravel":1,"minecraft:deepslate_tiles":2,"minecraft:mossy_cobblestone":10,"minecraft:shulker_box":19,"minecraft:end_stone":387,"minecraft:nether_bricks":44,"minecraft:cartography_table":2,"minecraft:kelp":3,"minecraft:redstone_ore":29,"minecraft:waxed_oxidized_cut_copper":1,"minecraft:waxed_copper_grate":1,"minecraft:snow":2,"minecraft:andesite":237,"minecraft:diamond_block":4,"minecraft:chiseled_tuff":1,"minecraft:potatoes":20,"minecraft:rail":6,"minecraft:warped_stem":7,"minecraft:bamboo_sapling":1,"minecraft:bamboo":10,"minecraft:waxed_weathered_copper_bulb":2,"minecraft:bone_block":24,"minecraft:white_wool":9,"minecraft:ender_chest":2,"minecraft:smithing_table":2,"minecraft:oak_slab":3,"minecraft:redstone_block":2,"minecraft:glass_pane":6,"minecraft:soul_sand":36,"minecraft:stone_brick_slab":2,"minecraft:observer":2,"minecraft:dandelion":9,"minecraft:short_grass":198,"minecraft:warped_roots":1,"minecraft:lightning_rod":1,"minecraft:purpur_pillar":5,"minecraft:tall_grass":40,"minecraft:copper_ore":58,"minecraft:deepslate_gold_ore":33,"minecraft:diorite":424,"minecraft:warped_wart_block":94,"minecraft:cobblestone_wall":68,"minecraft:spruce_log":203,"minecraft:birch_leaves":3,"minecraft:gravel":473,"minecraft:dripstone_block":3,"minecraft:stone_bricks":139,"minecraft:gold_ore":4,"minecraft:iron_trapdoor":1,"minecraft:large_amethyst_bud":1,"minecraft:stone_pressure_plate":1,"minecraft:spruce_planks":2,"minecraft:cobblestone_stairs":12,"minecraft:sculk_vein":215,"minecraft:brewing_stand":1,"minecraft:budding_amethyst":6,"minecraft:grass_block":2552,"minecraft:cracked_polished_blackstone_bricks":129,"minecraft:soul_soil":43,"minecraft:composter":1,"minecraft:tuff_bricks":6,"minecraft:gilded_blackstone":10,"minecraft:smooth_stone":4,"minecraft:raw_iron_block":4,"minecraft:sculk_catalyst":15,"minecraft:glowstone":186,"minecraft:iron_ore":134,"minecraft:polished_tuff":3,"minecraft:anvil":1,"minecraft:azure_bluet":1,"minecraft:polished_tuff_slab":2,"minecraft:end_stone_bricks":5,"minecraft:deepslate_redstone_ore":138,"minecraft:blackstone":76,"minecraft:orange_terracotta":1,"minecraft:purpur_stairs":8,"minecraft:clay":56,"minecraft:calcite":1,"minecraft:poppy":2,"minecraft:beacon":2,"minecraft:chest":22,"minecraft:nether_quartz_ore":21,"minecraft:cobblestone":342,"minecraft:grindstone":6,"minecraft:oak_planks":116,"minecraft:iron_door":1,"minecraft:wall_torch":115,"minecraft:seagrass":2,"minecraft:warped_nylium":5,"minecraft:powered_rail":2,"minecraft:yellow_wool":9,"minecraft:birch_log":7,"minecraft:stripped_oak_wood":1,"minecraft:tnt":9,"minecraft:purpur_block":30,"minecraft:cracked_deepslate_tiles":1,"minecraft:oak_log":425,"minecraft:sand":584,"minecraft:dirt":5574,"minecraft:netherrack":2982,"minecraft:oak_leaves":349,"minecraft:emerald_block":6,"minecraft:nether_gold_ore":58,"minecraft:diamond_ore":1,"minecraft:crying_obsidian":5,"minecraft:tuff":689,"minecraft:deepslate_diamond_ore":66,"minecraft:oak_door":2,"minecraft:glow_lichen":2,"minecraft:lever":2,"minecraft:ladder":4,"minecraft:decorated_pot":10,"minecraft:calibrated_sculk_sensor":1,"minecraft:spruce_leaves":72,"minecraft:sandstone":28,"minecraft:hay_block":82,"minecraft:furnace":14,"minecraft:carrots":134,"minecraft:nether_sprouts":2,"minecraft:chiseled_sandstone":1,"minecraft:gold_block":5,"minecraft:nether_brick_fence":2,"minecraft:deepslate_iron_ore":161,"minecraft:lantern":12,"minecraft:stripped_oak_log":3,"minecraft:stone":11667,"minecraft:redstone_wall_torch":16,"minecraft:waxed_exposed_copper_bulb":8,"minecraft:scaffolding":13,"minecraft:snow_block":109,"minecraft:soul_torch":1,"minecraft:basalt":1,"minecraft:oak_fence":58,"minecraft:crafting_table":5,"minecraft:sculk_sensor":88,"minecraft:lectern":95,"minecraft:deepslate_coal_ore":5,"minecraft:red_glazed_terracotta":2,"minecraft:lapis_ore":8,"minecraft:polished_blackstone_brick_stairs":2,"minecraft:sculk":1814,"minecraft:spruce_stairs":2,"minecraft:gray_wool":3,"minecraft:cactus":2,"minecraft:waxed_oxidized_copper_grate":5,"minecraft:redstone_torch":9,"minecraft:sweet_berry_bush":3,"minecraft:bee_nest":3,"minecraft:yellow_bed":22,"minecraft:coal_ore":881,"minecraft:end_rod":9,"minecraft:gray_carpet":1,"minecraft:polished_andesite":2,"minecraft:mossy_stone_bricks":2},"minecraft:killed_by":{"minecraft:zombie":1,"minecraft:warden":7,"minecraft:iron_golem":1,"minecraft:skeleton":1},"minecraft:custom":{"minecraft:interact_with_crafting_table":283,"minecraft:open_barrel":3,"minecraft:leave_game":42,"minecraft:time_since_death":234188,"minecraft:damage_blocked_by_shield":625,"minecraft:play_time":2333605,"minecraft:deaths":19,"minecraft:jump":15946,"minecraft:interact_with_furnace":224,"minecraft:traded_with_villager":398,"minecraft:sleep_in_bed":28,"minecraft:damage_dealt":108206,"minecraft:inspect_dispenser":5,"minecraft:horse_one_cm":27641,"minecraft:interact_with_smithing_table":1,"minecraft:interact_with_anvil":17,"minecraft:inspect_hopper":49,"minecraft:sneak_time":112639,"minecraft:interact_with_blast_furnace":43,"minecraft:total_world_time":2333605,"minecraft:interact_with_stonecutter":23,"minecraft:time_since_rest":106337,"minecraft:swim_one_cm":435006,"minecraft:fly_one_cm":1747677,"minecraft:open_chest":1433,"minecraft:fall_one_cm":398307,"minecraft:animals_bred":2,"minecraft:open_shulker_box":66,"minecraft:damage_resisted":80,"minecraft:sprint_one_cm":4258954,"minecraft:drop":726,"minecraft:talked_to_villager":412,"minecraft:interact_with_brewingstand":17,"minecraft:walk_on_water_one_cm":360627,"minecraft:open_enderchest":3,"minecraft:interact_with_beacon":23,"minecraft:crouch_one_cm":389747,"minecraft:mob_kills":694,"minecraft:climb_one_cm":132320,"minecraft:walk_one_cm":8087106,"minecraft:raid_win":3,"minecraft:walk_under_water_one_cm":1848697,"minecraft:boat_one_cm":980692,"minecraft:interact_with_grindstone":7,"minecraft:damage_taken":23936,"minecraft:damage_absorbed":277,"minecraft:aviate_one_cm":4846647},"minecraft:used":{"minecraft:elytra":30,"minecraft:ladder":10,"minecraft:poppy":3,"minecraft:chest":70,"minecraft:rotten_flesh":109,"minecraft:soul_sand":3,"minecraft:snowball":1,"minecraft:azure_bluet":1,"minecraft:spruce_boat":2,"minecraft:lava_bucket":15,"minecraft:netherite_shovel":6968,"minecraft:villager_spawn_egg":9,"minecraft:waxed_exposed_copper_bulb":1,"minecraft:bow":152,"minecraft:sweet_berries":18,"minecraft:oak_sapling":8,"minecraft:furnace":18,"minecraft:cooked_cod":3,"minecraft:egg":1,"minecraft:potato":41,"minecraft:dragon_head":1,"minecraft:diorite":18,"minecraft:end_stone_bricks":6,"minecraft:waxed_weathered_copper_bulb":2,"minecraft:chorus_fruit":3,"minecraft:powered_rail":9,"minecraft:blackstone":70,"minecraft:clay":2,"minecraft:purpur_pillar":7,"minecraft:golden_apple":3,"minecraft:sand":7,"minecraft:blast_furnace":7,"minecraft:lightning_rod":2,"minecraft:deepslate_tiles":27,"minecraft:crying_obsidian":1,"minecraft:lectern":97,"minecraft:diamond_sword":1418,"minecraft:coal_block":28,"minecraft:smithing_table":3,"minecraft:oak_boat":7,"minecraft:armor_stand":4,"minecraft:trial_key":1,"minecraft:netherrack":476,"minecraft:torch":1058,"minecraft:brewing_stand":1,"minecraft:warped_wart_block":50,"minecraft:anvil":3,"minecraft:birch_chest_boat":1,"minecraft:bamboo":23,"minecraft:diamond_chestplate":25,"minecraft:glowstone":20,"minecraft:iron_trapdoor":1,"minecraft:goat_horn":1,"minecraft:observer":34,"minecraft:cobbled_deepslate":355,"minecraft:wheat_seeds":210,"minecraft:water_bucket":81,"minecraft:cartography_table":2,"minecraft:polished_blackstone_bricks":21,"minecraft:gilded_blackstone":6,"minecraft:diamond_block":7,"minecraft:rail":37,"minecraft:crafting_table":17,"minecraft:sculk_shrieker":1,"minecraft:white_bed":19,"minecraft:oak_log":2,"minecraft:ender_eye":31,"minecraft:oxeye_daisy":1,"minecraft:diamond_shovel":1805,"minecraft:oak_button":6,"minecraft:spruce_sapling":19,"minecraft:cobblestone":740,"minecraft:potion":11,"minecraft:cooked_porkchop":37,"minecraft:kelp":269,"minecraft:dandelion":2,"minecraft:iron_shovel":2119,"minecraft:oak_sign":52,"minecraft:diamond_hoe":2234,"minecraft:shield":20,"minecraft:zombie_spawn_egg":7,"minecraft:iron_chestplate":1,"minecraft:mooshroom_spawn_egg":1,"minecraft:nether_bricks":5,"minecraft:carrot":289,"minecraft:tuff":39,"minecraft:obsidian":6,"minecraft:glass":74,"minecraft:waxed_oxidized_copper_grate":5,"minecraft:lantern":28,"minecraft:warped_nylium":4,"minecraft:hopper_minecart":3,"minecraft:stone_bricks":972,"minecraft:magma_block":2,"minecraft:scaffolding":230,"minecraft:end_rod":1,"minecraft:diamond_boots":3,"minecraft:stone_pickaxe":75,"minecraft:oak_planks":486,"minecraft:ender_pearl":66,"minecraft:redstone_block":8,"minecraft:sugar_cane":18,"minecraft:diamond_axe":1553,"minecraft:mushroom_stew":70,"minecraft:crossbow":13,"minecraft:end_stone":431,"minecraft:redstone_torch":25,"minecraft:lever":2,"minecraft:firework_rocket":88,"minecraft:bread":96,"minecraft:iron_door":6,"minecraft:gravel":35,"minecraft:grindstone":7,"minecraft:andesite":8,"minecraft:chain":10,"minecraft:waxed_copper_bulb":13,"minecraft:bone_meal":469,"minecraft:golden_pickaxe":32,"minecraft:experience_bottle":8,"minecraft:oak_fence":130,"minecraft:purpur_block":20,"minecraft:trident":599,"minecraft:flint_and_steel":2,"minecraft:tropical_fish":3,"minecraft:stone_shovel":399,"minecraft:redstone":33,"minecraft:ender_chest":1,"minecraft:sculk":14,"minecraft:oak_door":1,"minecraft:spyglass":2,"minecraft:dirt":2342,"minecraft:hopper":38,"minecraft:cobblestone_wall":187,"minecraft:shulker_box":20,"minecraft:granite":1,"minecraft:oak_stairs":66,"minecraft:iron_boots":4,"minecraft:golden_carrot":2,"minecraft:emerald_block":12,"minecraft:netherite_pickaxe":22994,"minecraft:cooked_beef":5,"minecraft:enchanted_golden_apple":2,"minecraft:cooked_mutton":5,"minecraft:cobblestone_stairs":63,"minecraft:snow_block":21,"minecraft:glass_bottle":8,"minecraft:polished_andesite":40,"minecraft:baked_potato":2,"minecraft:birch_boat":1,"minecraft:cut_sandstone":10,"minecraft:beacon":3,"minecraft:stonecutter":6,"minecraft:waxed_copper_block":36,"minecraft:warped_roots":1,"minecraft:painting":6,"minecraft:piston":34,"minecraft:apple":13,"minecraft:cracked_polished_blackstone_bricks":31,"minecraft:stone_slab":1,"minecraft:stone_axe":149,"minecraft:bucket":137,"minecraft:yellow_bed":25,"minecraft:sculk_catalyst":4,"minecraft:smooth_stone":4,"minecraft:soul_torch":6},"minecraft:dropped":{"minecraft:ominous_bottle":1,"minecraft:lapis_lazuli":4,"minecraft:oak_pressure_plate":2,"minecraft:glow_ink_sac":3,"minecraft:glass_bottle":8,"minecraft:crossbow":20,"minecraft:warped_roots":2,"minecraft:purpur_stairs":3,"minecraft:light_weighted_pressure_plate":1,"minecraft:emerald":47,"minecraft:gold_block":1,"minecraft:dirt":182,"minecraft:gold_nugget":64,"minecraft:phantom_membrane":2,"minecraft:sand":28,"minecraft:oak_door":2,"minecraft:stone_axe":3,"minecraft:iron_nugget":9,"minecraft:cobbled_deepslate":80,"minecraft:wheat":3,"minecraft:obsidian":4,"minecraft:rotten_flesh":52,"minecraft:oak_planks":3,"minecraft:azure_bluet":1,"minecraft:chiseled_tuff":1,"minecraft:glass":34,"minecraft:warped_wart_block":25,"minecraft:crying_obsidian":1,"minecraft:netherite_pickaxe":4,"minecraft:wheat_seeds":98,"minecraft:dripstone_block":3,"minecraft:oak_fence":1,"minecraft:feather":2,"minecraft:cobblestone":619,"minecraft:apple":1,"minecraft:granite":84,"minecraft:coal_block":5,"minecraft:mushroom_stew":10,"minecraft:oxeye_daisy":3,"minecraft:sculk":3,"minecraft:cooked_salmon":4,"minecraft:potion":2,"minecraft:oak_stairs":6,"minecraft:white_banner":1,"minecraft:paper":48,"minecraft:iron_shovel":2,"minecraft:string":1,"minecraft:spruce_sapling":52,"minecraft:soul_soil":21,"minecraft:cobblestone_wall":1,"minecraft:polished_tuff_slab":1,"minecraft:bowl":70,"minecraft:iron_boots":1,"minecraft:diamond_sword":1,"minecraft:potato":93,"minecraft:spruce_planks":3,"minecraft:bamboo":5,"minecraft:stone_bricks":2,"minecraft:sandstone":6,"minecraft:bow":6,"minecraft:warped_stem":1,"minecraft:soul_sand":13,"minecraft:diamond_axe":5,"minecraft:warped_fungus":3,"minecraft:ender_pearl":47,"minecraft:flint":2,"minecraft:cracked_polished_blackstone_bricks":75,"minecraft:cornflower":2,"minecraft:polished_blackstone_bricks":225,"minecraft:birch_log":1,"minecraft:gold_ingot":72,"minecraft:gravel":105,"minecraft:red_glazed_terracotta":2,"minecraft:chiseled_polished_blackstone":1,"minecraft:spyglass":1,"minecraft:carrot":475,"minecraft:shulker_shell":2,"minecraft:poppy":2,"minecraft:trident":1,"minecraft:gunpowder":4,"minecraft:arrow":45,"minecraft:scaffolding":128,"minecraft:netherrack":697,"minecraft:water_bucket":2,"minecraft:bread":41,"minecraft:diamond_leggings":1,"minecraft:polished_tuff":3,"minecraft:hopper_minecart":1,"minecraft:stick":63,"minecraft:diorite":6,"minecraft:torch":5,"minecraft:iron_door":2,"minecraft:iron_leggings":1,"minecraft:dandelion":16,"minecraft:redstone_block":3,"minecraft:redstone":64,"minecraft:kelp":2,"minecraft:tuff_bricks":6,"minecraft:warped_nylium":1,"minecraft:dragon_head":1,"minecraft:tuff":25,"minecraft:ender_eye":1,"minecraft:flint_and_steel":1,"minecraft:filled_map":2,"minecraft:dragon_egg":1,"minecraft:andesite":2,"minecraft:golden_sword":2,"minecraft:beacon":2,"minecraft:nautilus_shell":1},"minecraft:crafted":{"minecraft:ender_chest":1,"minecraft:smooth_stone":4,"minecraft:oak_sign":40,"minecraft:oak_pressure_plate":1,"minecraft:birch_boat":1,"minecraft:chain":5,"minecraft:lever":2,"minecraft:diamond_shovel":2,"minecraft:bookshelf":2,"minecraft:cooked_mutton":5,"minecraft:shulker_box":1,"minecraft:glass":294,"minecraft:diamond_helmet":1,"minecraft:diamond_leggings":1,"minecraft:iron_door":3,"minecraft:glass_bottle":72,"minecraft:emerald":483,"minecraft:cooked_porkchop":7,"minecraft:diamond_axe":3,"minecraft:raw_gold_block":2,"minecraft:smithing_table":2,"minecraft:copper_ingot":152,"minecraft:painting":1,"minecraft:lectern":2,"minecraft:stone_slab":2,"minecraft:crafter":2,"minecraft:iron_block":65,"minecraft:gold_ingot":175,"minecraft:stone_shovel":3,"minecraft:smooth_stone_slab":2,"minecraft:iron_nugget":351,"minecraft:spyglass":1,"minecraft:diamond_hoe":1,"minecraft:yellow_bed":3,"minecraft:bone_meal":255,"minecraft:lantern":26,"minecraft:diamond":36,"minecraft:polished_diorite":4,"minecraft:ladder":6,"minecraft:stone_pickaxe":1,"minecraft:diamond_boots":1,"minecraft:spruce_boat":1,"minecraft:redstone_block":111,"minecraft:wheat":326,"minecraft:coal_block":104,"minecraft:enchanted_book":3,"minecraft:fermented_spider_eye":1,"minecraft:oak_stairs":8,"minecraft:iron_shovel":8,"minecraft:iron_leggings":1,"minecraft:armor_stand":2,"minecraft:white_bed":5,"minecraft:grindstone":1,"minecraft:oak_planks":1152,"minecraft:calibrated_sculk_sensor":35,"minecraft:purple_glazed_terracotta":7,"minecraft:lightning_rod":1,"minecraft:cobblestone_stairs":24,"minecraft:stone":1081,"minecraft:warped_planks":24,"minecraft:hopper":68,"minecraft:bow":1,"minecraft:iron_boots":1,"minecraft:chest":121,"minecraft:oak_button":6,"minecraft:copper_block":37,"minecraft:rail":80,"minecraft:ender_eye":15,"minecraft:oak_fence":72,"minecraft:raw_iron_block":34,"minecraft:dropper":2,"minecraft:oak_slab":6,"minecraft:arrow":64,"minecraft:crafting_table":15,"minecraft:spruce_planks":796,"minecraft:iron_helmet":1,"minecraft:brush":1,"minecraft:gold_block":7,"minecraft:hopper_minecart":2,"minecraft:birch_planks":28,"minecraft:iron_chestplate":1,"minecraft:paper":30,"minecraft:emerald_block":19,"minecraft:shield":2,"minecraft:stick":296,"minecraft:iron_ingot":653,"minecraft:snow_block":85,"minecraft:redstone_torch":9,"minecraft:redstone":172,"minecraft:raw_iron":342,"minecraft:coal":1051,"minecraft:blast_furnace":1,"minecraft:furnace":8,"minecraft:piston":35,"minecraft:diamond_block":15,"minecraft:flint_and_steel":1,"minecraft:scaffolding":282,"minecraft:birch_chest_boat":1,"minecraft:cobblestone_wall":96,"minecraft:observer":34,"minecraft:minecart":2,"minecraft:cooked_beef":5,"minecraft:sugar":1,"minecraft:diamond_sword":2,"minecraft:iron_trapdoor":1,"minecraft:powered_rail":12,"minecraft:bowl":64,"minecraft:bucket":19,"minecraft:stone_axe":2,"minecraft:air":0,"minecraft:bread":167,"minecraft:oak_boat":1,"minecraft:raw_gold":18,"minecraft:stonecutter":1,"minecraft:anvil":2,"minecraft:acacia_planks":4,"minecraft:torch":452,"minecraft:lapis_lazuli":4,"minecraft:lapis_block":31,"minecraft:diamond_chestplate":1,"minecraft:firework_rocket":90},"minecraft:picked_up":{"minecraft:iron_chestplate":5,"minecraft:anvil":1,"minecraft:smithing_table":2,"minecraft:lead":8,"minecraft:diamond_sword":6,"minecraft:oak_stairs":66,"minecraft:enchanted_book":9,"minecraft:brewing_stand":1,"minecraft:golden_sword":14,"minecraft:amethyst_block":11,"minecraft:string":101,"minecraft:soul_soil":63,"minecraft:cooked_salmon":12,"minecraft:sculk_shrieker":16,"minecraft:diamond_leggings":5,"minecraft:gold_nugget":739,"minecraft:cobbled_deepslate":3505,"minecraft:spruce_planks":2,"minecraft:trial_key":1,"minecraft:hopper_minecart":2,"minecraft:enchanted_golden_apple":10,"minecraft:coal_block":137,"minecraft:composter":1,"minecraft:purpur_pillar":7,"minecraft:acacia_log":1,"minecraft:golden_axe":1,"minecraft:lightning_rod":1,"minecraft:waxed_weathered_copper_bulb":2,"minecraft:zombie_spawn_egg":3,"minecraft:stone_sword":1,"minecraft:tropical_fish":3,"minecraft:glowstone":178,"minecraft:end_rod":9,"minecraft:white_terracotta":2,"minecraft:blaze_rod":10,"minecraft:snowball":321,"minecraft:birch_log":8,"minecraft:magma_block":2,"minecraft:iron_door":5,"minecraft:water_bucket":3,"minecraft:flint":216,"minecraft:lantern":13,"minecraft:stonecutter":5,"minecraft:diamond_helmet":6,"minecraft:chiseled_polished_blackstone":1,"minecraft:warped_wart_block":75,"minecraft:fermented_spider_eye":2,"minecraft:polished_andesite":1,"minecraft:lever":2,"minecraft:granite":180,"minecraft:chainmail_helmet":1,"minecraft:bread":84,"minecraft:crafting_table":7,"minecraft:bee_nest":3,"minecraft:ominous_bottle":6,"minecraft:clay_ball":216,"minecraft:dragon_head":4,"minecraft:purpur_block":24,"minecraft:wind_charge":45,"minecraft:cornflower":2,"minecraft:elytra":4,"minecraft:flint_and_steel":3,"minecraft:compass":2,"minecraft:iron_shovel":6,"minecraft:cartography_table":2,"minecraft:beef":5,"minecraft:chiseled_tuff":1,"minecraft:iron_nugget":100,"minecraft:poppy":16,"minecraft:chest":24,"minecraft:piston":2,"minecraft:diamond_hoe":10,"minecraft:egg":1,"minecraft:sandstone":15,"minecraft:oak_door":4,"minecraft:carrot":979,"minecraft:redstone":1339,"minecraft:netherite_pickaxe":23,"minecraft:tnt":10,"minecraft:diamond_chestplate":5,"minecraft:diamond_boots":5,"minecraft:hay_block":82,"minecraft:gold_ingot":30,"minecraft:totem_of_undying":1,"minecraft:tuff_bricks":6,"minecraft:glow_berries":55,"minecraft:mutton":5,"minecraft:white_wool":33,"minecraft:bone_block":24,"minecraft:rail":13,"minecraft:oxeye_daisy":4,"minecraft:stripped_oak_log":3,"minecraft:red_glazed_terracotta":2,"minecraft:crafter":4,"minecraft:filled_map":1,"minecraft:purpur_stairs":8,"minecraft:oak_log":454,"minecraft:golden_boots":3,"minecraft:sculk_vein":3,"minecraft:paper":48,"minecraft:white_banner":11,"minecraft:apple":33,"minecraft:stone_bricks":197,"minecraft:kelp":556,"minecraft:warped_stem":9,"minecraft:glass_bottle":10,"minecraft:sweet_berries":33,"minecraft:sculk":193,"minecraft:waxed_exposed_copper_bulb":5,"minecraft:spyglass":1,"minecraft:gravel":765,"minecraft:spruce_sapling":164,"minecraft:spruce_log":394,"minecraft:crying_obsidian":8,"minecraft:polished_tuff":3,"minecraft:dragon_egg":3,"minecraft:diamond_shovel":1,"minecraft:firework_rocket":124,"minecraft:stone_axe":3,"minecraft:diamond_axe":17,"minecraft:painting":5,"minecraft:warped_roots":4,"minecraft:baked_potato":2,"minecraft:warped_nylium":6,"minecraft:hopper":21,"minecraft:ender_pearl":216,"minecraft:shulker_shell":8,"minecraft:wheat":178,"minecraft:iron_trapdoor":1,"minecraft:nether_brick_fence":2,"minecraft:redstone_block":82,"minecraft:yellow_wool":9,"minecraft:calibrated_sculk_sensor":1,"minecraft:potion":15,"minecraft:gilded_blackstone":6,"minecraft:lapis_block":22,"minecraft:raw_copper":428,"minecraft:armor_stand":2,"minecraft:iron_leggings":5,"minecraft:experience_bottle":15,"minecraft:oak_sign":34,"minecraft:smooth_stone":4,"minecraft:bucket":54,"minecraft:light_weighted_pressure_plate":1,"minecraft:redstone_torch":25,"minecraft:ender_eye":20,"minecraft:iron_boots":11,"minecraft:furnace":13,"minecraft:stick":120,"minecraft:oak_fence":62,"minecraft:torch":831,"minecraft:spruce_stairs":2,"minecraft:snow_block":229,"minecraft:porkchop":7,"minecraft:netherite_shovel":6,"minecraft:villager_spawn_egg":9,"minecraft:diorite":457,"minecraft:cactus":1,"minecraft:rotten_flesh":430,"minecraft:obsidian":25,"minecraft:blaze_powder":60,"minecraft:cobblestone":13422,"minecraft:nautilus_shell":3,"minecraft:leather_chestplate":3,"minecraft:magma_cream":2,"minecraft:andesite":161,"minecraft:beacon":2,"minecraft:potato":109,"minecraft:tuff":400,"minecraft:lapis_lazuli":697,"minecraft:dirt":7191,"minecraft:name_tag":5,"minecraft:glass":121,"minecraft:bone":164,"minecraft:bow":17,"minecraft:wheat_seeds":514,"minecraft:raw_gold":90,"minecraft:grindstone":6,"minecraft:bamboo":69,"minecraft:powered_rail":19,"minecraft:oak_planks":152,"minecraft:ghast_tear":6,"minecraft:cooked_porkchop":121,"minecraft:music_disc_13":2,"minecraft:oak_pressure_plate":1,"minecraft:sand":1164,"minecraft:diamond_block":5,"minecraft:spectral_arrow":251,"minecraft:chiseled_sandstone":1,"minecraft:shulker_box":22,"minecraft:mossy_cobblestone":8,"minecraft:sugar":2,"minecraft:clay":2,"minecraft:diamond":216,"minecraft:spruce_boat":1,"minecraft:waxed_oxidized_copper_grate":5,"minecraft:cracked_polished_blackstone_bricks":106,"minecraft:crossbow":25,"minecraft:breeze_rod":18,"minecraft:bone_meal":66,"minecraft:golden_apple":3,"minecraft:emerald":155,"minecraft:oak_sapling":50,"minecraft:netherrack":1784,"minecraft:chorus_fruit":3,"minecraft:end_stone_bricks":6,"minecraft:azure_bluet":2,"minecraft:ladder":6,"minecraft:brown_mushroom":26,"minecraft:gold_block":3,"minecraft:chain":5,"minecraft:brick":36,"minecraft:shield":11,"minecraft:iron_axe":1,"minecraft:blackstone":70,"minecraft:echo_shard":15,"minecraft:oak_boat":7,"minecraft:observer":1,"minecraft:lectern":95,"minecraft:sugar_cane":129,"minecraft:phantom_membrane":4,"minecraft:raw_iron":991,"minecraft:end_stone":432,"minecraft:copper_ingot":125,"minecraft:bowl":92,"minecraft:mooshroom_spawn_egg":1,"minecraft:polished_blackstone_bricks":215,"minecraft:trident":3,"minecraft:stone_pressure_plate":1,"minecraft:arrow":521,"minecraft:golden_hoe":2,"minecraft:nether_bricks":42,"minecraft:saddle":6,"minecraft:glow_ink_sac":7,"minecraft:salmon":2,"minecraft:cut_sandstone":12,"minecraft:leather":27,"minecraft:waxed_copper_bulb":14,"minecraft:mushroom_stew":26,"minecraft:crimson_fungus":2,"minecraft:waxed_copper_block":38,"minecraft:gunpowder":60,"minecraft:yellow_bed":22,"minecraft:cobblestone_wall":78,"minecraft:cobblestone_stairs":12,"minecraft:coast_armor_trim_smithing_template":6,"minecraft:gray_carpet":1,"minecraft:iron_ingot":204,"minecraft:polished_tuff_slab":1,"minecraft:stripped_oak_wood":1,"minecraft:soul_sand":91,"minecraft:book":32,"minecraft:sculk_catalyst":7,"minecraft:scaffolding":222,"minecraft:oak_slab":2,"minecraft:warped_fungus":6,"minecraft:emerald_block":6,"minecraft:birch_boat":4,"minecraft:brush":1,"minecraft:quartz":144,"minecraft:dandelion":35,"minecraft:dripstone_block":3,"minecraft:raw_iron_block":8,"minecraft:lava_bucket":10,"minecraft:amethyst_shard":155,"minecraft:soul_torch":194,"minecraft:blast_furnace":1,"minecraft:white_bed":14,"minecraft:spider_eye":9,"minecraft:sculk_sensor":170,"minecraft:iron_helmet":5,"minecraft:coal":2089},"minecraft:killed":{"minecraft:shulker":11,"minecraft:skeleton":50,"minecraft:chicken":1,"minecraft:tropical_fish":3,"minecraft:magma_cube":46,"minecraft:salmon":3,"minecraft:iron_golem":16,"minecraft:pillager":135,"minecraft:zombie":84,"minecraft:glow_squid":2,"minecraft:cow":3,"minecraft:evoker":3,"minecraft:vindicator":14,"minecraft:warden":1,"minecraft:husk":2,"minecraft:ravager":3,"minecraft:breeze":3,"minecraft:enderman":70,"minecraft:zombified_piglin":80,"minecraft:witch":2,"minecraft:spider":18,"minecraft:silverfish":3,"minecraft:piglin_brute":5,"minecraft:piglin":15,"minecraft:pig":3,"minecraft:zombie_villager":3,"minecraft:creeper":32,"minecraft:sheep":5,"minecraft:ghast":5,"minecraft:blaze":13,"minecraft:armadillo":2,"minecraft:phantom":3,"minecraft:drowned":26,"minecraft:wither_skeleton":17}},"DataVersion":3953}