{"stats":{"minecraft:broken":{"minecraft:stone_pickaxe":1,"minecraft:iron_pickaxe":1},"minecraft:mined":{"minecraft:nether_gold_ore":32,"minecraft:white_bed":1,"minecraft:oak_sapling":1,"minecraft:cobblestone_stairs":1,"minecraft:brewing_stand":1,"minecraft:grass_block":19,"minecraft:soul_soil":8,"minecraft:spruce_leaves":6,"minecraft:oxeye_daisy":3,"minecraft:hay_block":73,"minecraft:oak_trapdoor":5,"minecraft:iron_ore":4,"minecraft:cobbled_deepslate":8,"minecraft:fire":14,"minecraft:pumpkin":1,"minecraft:dirt_path":1,"minecraft:packed_ice":1,"minecraft:stone":87,"minecraft:bone_block":17,"minecraft:kelp_plant":9,"minecraft:soul_fire":4,"minecraft:dandelion":1,"minecraft:powder_snow":42,"minecraft:clay":4,"minecraft:crafting_table":6,"minecraft:short_grass":63,"minecraft:nether_quartz_ore":2,"minecraft:tall_grass":40,"minecraft:cobblestone":6,"minecraft:sugar_cane":148,"minecraft:seagrass":3,"minecraft:bee_nest":1,"minecraft:oak_log":22,"minecraft:coal_ore":33,"minecraft:gravel":5,"minecraft:sand":4,"minecraft:dirt":20,"minecraft:terracotta":4,"minecraft:stonecutter":2,"minecraft:netherrack":223,"minecraft:oak_leaves":5},"minecraft:killed_by":{"minecraft:player":1,"minecraft:iron_golem":1,"minecraft:piglin":1,"minecraft:zombie":1},"minecraft:custom":{"minecraft:mob_kills":47,"minecraft:interact_with_crafting_table":27,"minecraft:bell_ring":7,"minecraft:leave_game":4,"minecraft:time_since_death":91765,"minecraft:climb_one_cm":998,"minecraft:sprint_one_cm":711618,"minecraft:walk_one_cm":486374,"minecraft:drop":14,"minecraft:talked_to_villager":6,"minecraft:play_time":302151,"minecraft:deaths":7,"minecraft:sneak_time":30068,"minecraft:walk_under_water_one_cm":138762,"minecraft:boat_one_cm":1408732,"minecraft:jump":3810,"minecraft:walk_on_water_one_cm":34410,"minecraft:total_world_time":302151,"minecraft:interact_with_furnace":20,"minecraft:sleep_in_bed":7,"minecraft:time_since_rest":91798,"minecraft:damage_taken":3862,"minecraft:damage_dealt":8536,"minecraft:interact_with_beacon":2,"minecraft:swim_one_cm":275499,"minecraft:fly_one_cm":625383,"minecraft:open_chest":125,"minecraft:crouch_one_cm":96806,"minecraft:aviate_one_cm":1225994,"minecraft:fall_one_cm":95977,"minecraft:horse_one_cm":2442},"minecraft:used":{"minecraft:oak_trapdoor":5,"minecraft:stone_sword":34,"minecraft:flint_and_steel":2,"minecraft:dried_kelp":83,"minecraft:elytra":4,"minecraft:chest":3,"minecraft:iron_sword":45,"minecraft:netherrack":33,"minecraft:brewing_stand":1,"minecraft:dirt":9,"minecraft:bee_nest":1,"minecraft:obsidian":10,"minecraft:golden_sword":10,"minecraft:oak_sapling":10,"minecraft:furnace":2,"minecraft:cooked_beef":11,"minecraft:iron_leggings":2,"minecraft:cobblestone_stairs":2,"minecraft:rabbit":1,"minecraft:stone_pickaxe":131,"minecraft:wooden_pickaxe":21,"minecraft:stonecutter":2,"minecraft:sugar_cane":30,"minecraft:white_wool":1,"minecraft:terracotta":2,"minecraft:crafting_table":7,"minecraft:white_bed":1,"minecraft:oxeye_daisy":3,"minecraft:firework_rocket":19,"minecraft:bread":25,"minecraft:iron_pickaxe":298,"minecraft:stone_axe":106,"minecraft:fire_charge":1,"minecraft:cobblestone":1961,"minecraft:oak_boat":9,"minecraft:dandelion":4,"minecraft:golden_pickaxe":1},"minecraft:dropped":{"minecraft:wheat_seeds":7,"minecraft:ink_sac":2,"minecraft:paper":23,"minecraft:filled_map":1,"minecraft:hay_block":8,"minecraft:spider_eye":1,"minecraft:wooden_pickaxe":1},"minecraft:crafted":{"minecraft:oak_planks":88,"minecraft:furnace":2,"minecraft:cobblestone_stairs":4,"minecraft:bone_meal":9,"minecraft:flint_and_steel":1,"minecraft:stone_pickaxe":1,"minecraft:chest":3,"minecraft:wheat":36,"minecraft:cooked_beef":13,"minecraft:crafting_table":3,"minecraft:dried_kelp":95,"minecraft:wooden_pickaxe":1,"minecraft:iron_sword":1,"minecraft:stone_axe":1,"minecraft:bread":12,"minecraft:air":0,"minecraft:oak_boat":2,"minecraft:paper":153,"minecraft:shield":1,"minecraft:stick":16,"minecraft:iron_ingot":5,"minecraft:iron_pickaxe":1,"minecraft:stone_sword":1,"minecraft:gold_ingot":13,"minecraft:firework_rocket":27},"minecraft:picked_up":{"minecraft:crafting_table":7,"minecraft:bee_nest":1,"minecraft:clay_ball":16,"minecraft:oak_stairs":1,"minecraft:brewing_stand":1,"minecraft:golden_sword":2,"minecraft:shield":1,"minecraft:oak_trapdoor":5,"minecraft:string":11,"minecraft:elytra":1,"minecraft:soul_soil":8,"minecraft:flint_and_steel":1,"minecraft:iron_leggings":2,"minecraft:gold_nugget":248,"minecraft:cobbled_deepslate":185,"minecraft:beef":26,"minecraft:oak_boat":11,"minecraft:iron_pickaxe":3,"minecraft:light_gray_wool":1,"minecraft:sugar_cane":212,"minecraft:egg":2,"minecraft:golden_helmet":1,"minecraft:stick":13,"minecraft:raw_iron":4,"minecraft:porkchop":1,"minecraft:dried_kelp":7,"minecraft:rabbit_foot":1,"minecraft:rotten_flesh":15,"minecraft:stone_sword":2,"minecraft:arrow":3,"minecraft:hay_block":73,"minecraft:mutton":7,"minecraft:cobblestone":453,"minecraft:cod":1,"minecraft:bone_block":34,"minecraft:white_wool":3,"minecraft:oxeye_daisy":3,"minecraft:cooked_beef":2,"minecraft:leather":11,"minecraft:golden_leggings":1,"minecraft:beacon":1,"minecraft:potato":38,"minecraft:filled_map":3,"minecraft:flint":5,"minecraft:tuff":6,"minecraft:oak_log":22,"minecraft:cobblestone_stairs":1,"minecraft:gunpowder":13,"minecraft:dirt":55,"minecraft:bone":3,"minecraft:apple":16,"minecraft:stonecutter":2,"minecraft:kelp":130,"minecraft:bow":3,"minecraft:wheat_seeds":13,"minecraft:rabbit_hide":1,"minecraft:rabbit":1,"minecraft:iron_sword":1,"minecraft:oak_planks":34,"minecraft:pumpkin":1,"minecraft:quartz":4,"minecraft:dandelion":4,"minecraft:gravel":4,"minecraft:sand":4,"minecraft:ink_sac":2,"minecraft:white_bed":1,"minecraft:spider_eye":9,"minecraft:stone_axe":2,"minecraft:bone_meal":9,"minecraft:bread":23,"minecraft:terracotta":4,"minecraft:oak_sapling":13,"minecraft:netherrack":399,"minecraft:coal":33},"minecraft:killed":{"minecraft:spider":9,"minecraft:skeleton":1,"minecraft:drowned":2,"minecraft:piglin":1,"minecraft:pig":1,"minecraft:creeper":7,"minecraft:squid":1,"minecraft:sheep":4,"minecraft:goat":4,"minecraft:zombie":4,"minecraft:villager":1,"minecraft:cow":11}},"DataVersion":3953}