{"stats":{"minecraft:broken":{"minecraft:stone_pickaxe":1,"minecraft:iron_pickaxe":1},"minecraft:mined":{"minecraft:nether_gold_ore":32,"minecraft:white_bed":1,"minecraft:oak_sapling":1,"minecraft:cobblestone_stairs":1,"minecraft:brewing_stand":1,"minecraft:grass_block":19,"minecraft:soul_soil":9,"minecraft:spruce_leaves":6,"minecraft:kelp":2,"minecraft:oxeye_daisy":3,"minecraft:hay_block":73,"minecraft:tall_seagrass":1,"minecraft:oak_trapdoor":5,"minecraft:iron_ore":4,"minecraft:cobbled_deepslate":8,"minecraft:fire":14,"minecraft:pumpkin":1,"minecraft:dirt_path":1,"minecraft:packed_ice":1,"minecraft:stone":87,"minecraft:bone_block":17,"minecraft:kelp_plant":31,"minecraft:soul_fire":11,"minecraft:dandelion":1,"minecraft:powder_snow":42,"minecraft:clay":4,"minecraft:crafting_table":6,"minecraft:short_grass":67,"minecraft:nether_quartz_ore":2,"minecraft:tall_grass":40,"minecraft:cobblestone":6,"minecraft:sugar_cane":215,"minecraft:oak_planks":1,"minecraft:seagrass":3,"minecraft:bee_nest":1,"minecraft:oak_log":26,"minecraft:coal_ore":33,"minecraft:gravel":5,"minecraft:sand":84,"minecraft:dirt":20,"minecraft:terracotta":4,"minecraft:stonecutter":4,"minecraft:netherrack":223,"minecraft:oak_leaves":7},"minecraft:killed_by":{"minecraft:player":1,"minecraft:iron_golem":1,"minecraft:piglin":1,"minecraft:zombie":1},"minecraft:custom":{"minecraft:mob_kills":67,"minecraft:interact_with_crafting_table":40,"minecraft:bell_ring":7,"minecraft:leave_game":6,"minecraft:time_since_death":183981,"minecraft:climb_one_cm":998,"minecraft:sprint_one_cm":968807,"minecraft:walk_one_cm":644528,"minecraft:drop":15,"minecraft:talked_to_villager":18,"minecraft:play_time":394367,"minecraft:sneak_time":38511,"minecraft:deaths":7,"minecraft:walk_under_water_one_cm":173089,"minecraft:boat_one_cm":1408732,"minecraft:jump":4332,"minecraft:walk_on_water_one_cm":64382,"minecraft:total_world_time":394367,"minecraft:interact_with_furnace":43,"minecraft:traded_with_villager":6,"minecraft:sleep_in_bed":7,"minecraft:time_since_rest":184014,"minecraft:damage_taken":4570,"minecraft:damage_dealt":12097,"minecraft:interact_with_beacon":2,"minecraft:swim_one_cm":310183,"minecraft:fly_one_cm":709764,"minecraft:open_chest":178,"minecraft:crouch_one_cm":126768,"minecraft:aviate_one_cm":2225263,"minecraft:fall_one_cm":102635,"minecraft:horse_one_cm":2442},"minecraft:used":{"minecraft:oak_trapdoor":5,"minecraft:stone_sword":34,"minecraft:flint_and_steel":2,"minecraft:stone_shovel":80,"minecraft:dried_kelp":158,"minecraft:elytra":4,"minecraft:chest":3,"minecraft:iron_sword":54,"minecraft:rotten_flesh":5,"minecraft:netherrack":33,"minecraft:torch":57,"minecraft:brewing_stand":1,"minecraft:dirt":9,"minecraft:bee_nest":1,"minecraft:honey_bottle":2,"minecraft:obsidian":10,"minecraft:golden_sword":10,"minecraft:soul_soil":3,"minecraft:oak_sapling":12,"minecraft:furnace":2,"minecraft:cooked_beef":11,"minecraft:iron_leggings":2,"minecraft:golden_boots":1,"minecraft:cooked_mutton":2,"minecraft:cobblestone_stairs":2,"minecraft:rabbit":1,"minecraft:glass_bottle":1,"minecraft:stone_pickaxe":131,"minecraft:cartography_table":2,"minecraft:wooden_pickaxe":21,"minecraft:stonecutter":2,"minecraft:sugar_cane":30,"minecraft:white_wool":1,"minecraft:terracotta":2,"minecraft:crafting_table":7,"minecraft:white_bed":1,"minecraft:oxeye_daisy":3,"minecraft:firework_rocket":35,"minecraft:bread":25,"minecraft:iron_pickaxe":300,"minecraft:stone_axe":177,"minecraft:fire_charge":1,"minecraft:cobblestone":3783,"minecraft:porkchop":3,"minecraft:bucket":1,"minecraft:oak_boat":9,"minecraft:dandelion":4,"minecraft:golden_pickaxe":1},"minecraft:dropped":{"minecraft:wheat_seeds":7,"minecraft:ink_sac":2,"minecraft:paper":23,"minecraft:stone_axe":1,"minecraft:filled_map":1,"minecraft:hay_block":8,"minecraft:spider_eye":1,"minecraft:wooden_pickaxe":1},"minecraft:crafted":{"minecraft:oak_planks":104,"minecraft:stone_shovel":1,"minecraft:coal":18,"minecraft:furnace":2,"minecraft:cobblestone_stairs":4,"minecraft:bone_meal":9,"minecraft:cooked_mutton":2,"minecraft:flint_and_steel":1,"minecraft:glass":4,"minecraft:stone_pickaxe":1,"minecraft:chest":3,"minecraft:golden_boots":1,"minecraft:wheat":36,"minecraft:cooked_beef":13,"minecraft:glass_bottle":3,"minecraft:emerald":6,"minecraft:crafting_table":3,"minecraft:dried_kelp":191,"minecraft:wooden_pickaxe":1,"minecraft:iron_sword":1,"minecraft:bucket":1,"minecraft:stone_axe":1,"minecraft:bread":12,"minecraft:air":0,"minecraft:cartography_table":2,"minecraft:oak_boat":2,"minecraft:paper":231,"minecraft:shield":1,"minecraft:stick":36,"minecraft:iron_ingot":5,"minecraft:iron_pickaxe":2,"minecraft:stone_sword":1,"minecraft:gold_ingot":13,"minecraft:torch":72,"minecraft:firework_rocket":45},"minecraft:picked_up":{"minecraft:crafting_table":7,"minecraft:bee_nest":1,"minecraft:clay_ball":16,"minecraft:oak_stairs":1,"minecraft:brewing_stand":1,"minecraft:shield":1,"minecraft:golden_sword":2,"minecraft:oak_trapdoor":5,"minecraft:string":13,"minecraft:elytra":1,"minecraft:soul_soil":17,"minecraft:flint_and_steel":1,"minecraft:iron_leggings":2,"minecraft:gold_nugget":248,"minecraft:cobbled_deepslate":185,"minecraft:beef":28,"minecraft:oak_boat":11,"minecraft:poppy":2,"minecraft:iron_pickaxe":3,"minecraft:light_gray_wool":1,"minecraft:sugar_cane":344,"minecraft:egg":2,"minecraft:golden_helmet":1,"minecraft:stick":15,"minecraft:raw_iron":4,"minecraft:porkchop":4,"minecraft:dried_kelp":7,"minecraft:rabbit_foot":1,"minecraft:stone_sword":2,"minecraft:arrow":4,"minecraft:rotten_flesh":23,"minecraft:hay_block":73,"minecraft:obsidian":1,"minecraft:mutton":7,"minecraft:cobblestone":458,"minecraft:cod":1,"minecraft:bone_block":34,"minecraft:white_wool":3,"minecraft:oxeye_daisy":3,"minecraft:cooked_beef":2,"minecraft:leather":12,"minecraft:golden_leggings":1,"minecraft:beacon":1,"minecraft:potato":38,"minecraft:filled_map":3,"minecraft:flint":5,"minecraft:tuff":6,"minecraft:oak_log":26,"minecraft:cobblestone_stairs":1,"minecraft:gunpowder":16,"minecraft:dirt":55,"minecraft:bone":10,"minecraft:apple":16,"minecraft:stonecutter":4,"minecraft:kelp":270,"minecraft:bow":3,"minecraft:wheat_seeds":13,"minecraft:rabbit_hide":1,"minecraft:iron_ingot":4,"minecraft:rabbit":1,"minecraft:iron_sword":1,"minecraft:oak_planks":35,"minecraft:pumpkin":1,"minecraft:quartz":4,"minecraft:dandelion":4,"minecraft:gravel":4,"minecraft:sand":84,"minecraft:ink_sac":2,"minecraft:white_bed":1,"minecraft:spider_eye":9,"minecraft:stone_axe":3,"minecraft:bone_meal":9,"minecraft:bread":23,"minecraft:terracotta":4,"minecraft:oak_sapling":15,"minecraft:netherrack":399,"minecraft:coal":33},"minecraft:killed":{"minecraft:spider":10,"minecraft:skeleton":3,"minecraft:drowned":2,"minecraft:piglin":1,"minecraft:pig":3,"minecraft:iron_golem":1,"minecraft:creeper":10,"minecraft:squid":1,"minecraft:sheep":4,"minecraft:goat":4,"minecraft:zombie":13,"minecraft:villager":1,"minecraft:cow":12}},"DataVersion":3953}