{"stats":{"minecraft:broken":{"minecraft:stone_pickaxe":1,"minecraft:stone_axe":3,"minecraft:iron_pickaxe":1,"minecraft:stone_shovel":5},"minecraft:mined":{"minecraft:nether_gold_ore":32,"minecraft:white_bed":1,"minecraft:oak_sapling":1,"minecraft:oak_door":2,"minecraft:cobblestone_stairs":1,"minecraft:brewing_stand":1,"minecraft:grass_block":24,"minecraft:redstone_wire":1,"minecraft:soul_soil":9,"minecraft:chiseled_tuff_bricks":2,"minecraft:hopper":1,"minecraft:spruce_leaves":6,"minecraft:kelp":2,"minecraft:oxeye_daisy":3,"minecraft:tuff_bricks":10,"minecraft:hay_block":73,"minecraft:tall_seagrass":3,"minecraft:oak_trapdoor":5,"minecraft:iron_ore":14,"minecraft:cobbled_deepslate":8,"minecraft:fire":14,"minecraft:polished_tuff":6,"minecraft:andesite":6,"minecraft:pumpkin":1,"minecraft:deepslate_iron_ore":9,"minecraft:dirt_path":15,"minecraft:packed_ice":1,"minecraft:stone":130,"minecraft:bone_block":17,"minecraft:kelp_plant":49,"minecraft:soul_fire":11,"minecraft:observer":1,"minecraft:dandelion":1,"minecraft:powder_snow":42,"minecraft:clay":4,"minecraft:crafting_table":6,"minecraft:torch":1,"minecraft:short_grass":92,"minecraft:chest":1,"minecraft:nether_quartz_ore":2,"minecraft:tall_grass":88,"minecraft:cobblestone":10,"minecraft:sugar_cane":297,"minecraft:oak_planks":2,"minecraft:diorite":7,"minecraft:seagrass":4,"minecraft:bee_nest":1,"minecraft:oak_log":30,"minecraft:coal_ore":33,"minecraft:gravel":6,"minecraft:sand":661,"minecraft:dirt":38,"minecraft:terracotta":4,"minecraft:deepslate":24,"minecraft:stonecutter":4,"minecraft:netherrack":223,"minecraft:oak_leaves":10},"minecraft:killed_by":{"minecraft:player":1,"minecraft:iron_golem":1,"minecraft:piglin":1,"minecraft:zombie":2},"minecraft:custom":{"minecraft:mob_kills":113,"minecraft:interact_with_crafting_table":66,"minecraft:bell_ring":18,"minecraft:leave_game":6,"minecraft:time_since_death":60777,"minecraft:climb_one_cm":998,"minecraft:sprint_one_cm":1453414,"minecraft:walk_one_cm":926372,"minecraft:drop":19,"minecraft:talked_to_villager":33,"minecraft:play_time":568367,"minecraft:sneak_time":43655,"minecraft:deaths":8,"minecraft:walk_under_water_one_cm":202516,"minecraft:boat_one_cm":1408732,"minecraft:jump":5353,"minecraft:walk_on_water_one_cm":87655,"minecraft:total_world_time":568367,"minecraft:interact_with_furnace":63,"minecraft:traded_with_villager":19,"minecraft:sleep_in_bed":8,"minecraft:time_since_rest":100296,"minecraft:damage_taken":5814,"minecraft:damage_dealt":24598,"minecraft:interact_with_beacon":2,"minecraft:swim_one_cm":368094,"minecraft:fly_one_cm":896297,"minecraft:open_chest":274,"minecraft:crouch_one_cm":130778,"minecraft:aviate_one_cm":4021595,"minecraft:fall_one_cm":121979,"minecraft:horse_one_cm":2442},"minecraft:used":{"minecraft:moss_block":1,"minecraft:oak_trapdoor":5,"minecraft:stone_sword":34,"minecraft:flint_and_steel":2,"minecraft:stone_shovel":655,"minecraft:redstone":4,"minecraft:dried_kelp":245,"minecraft:oak_sign":1,"minecraft:elytra":8,"minecraft:chest":5,"minecraft:iron_sword":141,"minecraft:rotten_flesh":32,"minecraft:netherrack":33,"minecraft:oak_door":7,"minecraft:torch":58,"minecraft:brewing_stand":1,"minecraft:dirt":52,"minecraft:hopper":2,"minecraft:bee_nest":1,"minecraft:honey_bottle":2,"minecraft:obsidian":10,"minecraft:glass":42,"minecraft:lava_bucket":4,"minecraft:iron_axe":13,"minecraft:golden_sword":10,"minecraft:soul_soil":3,"minecraft:oak_sapling":12,"minecraft:furnace":2,"minecraft:cooked_beef":11,"minecraft:observer":4,"minecraft:iron_leggings":2,"minecraft:golden_boots":2,"minecraft:cooked_mutton":2,"minecraft:water_bucket":1,"minecraft:cobblestone_stairs":2,"minecraft:rabbit":1,"minecraft:glass_bottle":1,"minecraft:stone_pickaxe":131,"minecraft:cartography_table":2,"minecraft:ender_pearl":1,"minecraft:wooden_pickaxe":21,"minecraft:cobblestone_slab":6,"minecraft:stonecutter":2,"minecraft:sugar_cane":37,"minecraft:white_wool":1,"minecraft:terracotta":2,"minecraft:crafting_table":8,"minecraft:white_bed":1,"minecraft:piston":3,"minecraft:oxeye_daisy":3,"minecraft:firework_rocket":66,"minecraft:bread":32,"minecraft:iron_pickaxe":424,"minecraft:stone_axe":322,"minecraft:fire_charge":1,"minecraft:cobblestone":3819,"minecraft:porkchop":3,"minecraft:bucket":27,"minecraft:oak_boat":9,"minecraft:bone_meal":3,"minecraft:dandelion":4,"minecraft:golden_pickaxe":1},"minecraft:dropped":{"minecraft:wheat_seeds":7,"minecraft:diamond_leggings":1,"minecraft:ink_sac":2,"minecraft:diamond_helmet":1,"minecraft:paper":23,"minecraft:stone_axe":1,"minecraft:iron_boots":1,"minecraft:filled_map":1,"minecraft:hay_block":8,"minecraft:diamond_chestplate":1,"minecraft:spider_eye":1,"minecraft:wooden_pickaxe":1},"minecraft:crafted":{"minecraft:oak_door":3,"minecraft:cobblestone_slab":6,"minecraft:redstone":9,"minecraft:oak_planks":120,"minecraft:stone_shovel":5,"minecraft:coal":18,"minecraft:furnace":2,"minecraft:piston":3,"minecraft:cobblestone_stairs":4,"minecraft:bone_meal":18,"minecraft:cooked_mutton":2,"minecraft:glass_pane":160,"minecraft:flint_and_steel":1,"minecraft:hopper":1,"minecraft:glass":132,"minecraft:diamond_helmet":1,"minecraft:diamond_leggings":1,"minecraft:iron_boots":1,"minecraft:iron_axe":1,"minecraft:stone_pickaxe":1,"minecraft:chest":5,"minecraft:filled_map":1,"minecraft:observer":3,"minecraft:golden_boots":1,"minecraft:wheat":99,"minecraft:cooked_beef":13,"minecraft:glass_bottle":3,"minecraft:emerald":16,"minecraft:crafting_table":3,"minecraft:dried_kelp":293,"minecraft:wooden_pickaxe":1,"minecraft:iron_sword":1,"minecraft:moss_block":4,"minecraft:bucket":1,"minecraft:stone_axe":1,"minecraft:bread":36,"minecraft:air":0,"minecraft:cartography_table":2,"minecraft:oak_boat":2,"minecraft:paper":465,"minecraft:shield":1,"minecraft:stick":40,"minecraft:compass":1,"minecraft:iron_ingot":5,"minecraft:iron_pickaxe":2,"minecraft:stone_sword":1,"minecraft:gold_ingot":13,"minecraft:torch":72,"minecraft:diamond_chestplate":1,"minecraft:firework_rocket":114},"minecraft:picked_up":{"minecraft:crafting_table":7,"minecraft:bee_nest":1,"minecraft:clay_ball":16,"minecraft:lead":2,"minecraft:oak_stairs":1,"minecraft:brewing_stand":1,"minecraft:shield":1,"minecraft:golden_sword":2,"minecraft:oak_trapdoor":5,"minecraft:string":20,"minecraft:elytra":1,"minecraft:soul_soil":17,"minecraft:flint_and_steel":1,"minecraft:iron_leggings":2,"minecraft:gold_nugget":248,"minecraft:cobbled_deepslate":209,"minecraft:bucket":28,"minecraft:beef":28,"minecraft:oak_boat":11,"minecraft:observer":1,"minecraft:poppy":6,"minecraft:iron_pickaxe":3,"minecraft:light_gray_wool":1,"minecraft:sugar_cane":518,"minecraft:chest":1,"minecraft:egg":2,"minecraft:golden_helmet":1,"minecraft:stick":15,"minecraft:raw_iron":23,"minecraft:oak_door":6,"minecraft:torch":1,"minecraft:porkchop":4,"minecraft:dried_kelp":7,"minecraft:diorite":7,"minecraft:redstone":1,"minecraft:rabbit_foot":1,"minecraft:stone_sword":2,"minecraft:arrow":9,"minecraft:rotten_flesh":44,"minecraft:hay_block":73,"minecraft:tuff_bricks":8,"minecraft:obsidian":1,"minecraft:mutton":7,"minecraft:cobblestone":503,"minecraft:cod":2,"minecraft:bone_block":34,"minecraft:white_wool":3,"minecraft:oxeye_daisy":3,"minecraft:cooked_beef":2,"minecraft:andesite":6,"minecraft:leather":12,"minecraft:golden_leggings":1,"minecraft:beacon":1,"minecraft:potato":38,"minecraft:filled_map":3,"minecraft:flint":5,"minecraft:tuff":6,"minecraft:oak_log":30,"minecraft:cobblestone_stairs":1,"minecraft:gunpowder":39,"minecraft:dirt":127,"minecraft:bone":15,"minecraft:apple":16,"minecraft:stonecutter":4,"minecraft:kelp":401,"minecraft:bow":3,"minecraft:wheat_seeds":19,"minecraft:rabbit_hide":1,"minecraft:iron_ingot":15,"minecraft:rabbit":1,"minecraft:iron_sword":1,"minecraft:oak_planks":36,"minecraft:pumpkin":1,"minecraft:quartz":4,"minecraft:dandelion":4,"minecraft:gravel":5,"minecraft:sand":661,"minecraft:ink_sac":2,"minecraft:white_bed":1,"minecraft:grass_block":1,"minecraft:polished_tuff":4,"minecraft:spider_eye":10,"minecraft:stone_axe":3,"minecraft:bone_meal":9,"minecraft:chiseled_tuff_bricks":2,"minecraft:bread":23,"minecraft:hopper":1,"minecraft:terracotta":4,"minecraft:oak_sapling":15,"minecraft:netherrack":399,"minecraft:coal":33,"minecraft:ender_pearl":1},"minecraft:killed":{"minecraft:spider":16,"minecraft:skeleton":5,"minecraft:drowned":2,"minecraft:piglin":1,"minecraft:pig":3,"minecraft:zombie_villager":1,"minecraft:iron_golem":4,"minecraft:wandering_trader":1,"minecraft:creeper":27,"minecraft:squid":1,"minecraft:sheep":4,"minecraft:goat":4,"minecraft:zombie":27,"minecraft:villager":1,"minecraft:enderman":1,"minecraft:cow":12}},"DataVersion":3953}