{"stats":{"minecraft:broken":{"minecraft:golden_boots":1,"minecraft:diamond_helmet":1,"minecraft:stone_pickaxe":1,"minecraft:stone_axe":4,"minecraft:iron_sword":1,"minecraft:crossbow":1,"minecraft:stone_shovel":6,"minecraft:shield":1,"minecraft:iron_axe":6,"minecraft:iron_pickaxe":1,"minecraft:iron_helmet":1},"minecraft:mined":{"minecraft:white_bed":1,"minecraft:oak_sapling":2,"minecraft:sculk_vein":45,"minecraft:cobblestone_stairs":1,"minecraft:brewing_stand":1,"minecraft:spruce_trapdoor":6,"minecraft:granite":1,"minecraft:acacia_log":1,"minecraft:grass_block":142,"minecraft:jungle_log":4,"minecraft:cracked_polished_blackstone_bricks":61,"minecraft:oak_pressure_plate":2,"minecraft:soul_soil":11,"minecraft:chiseled_tuff_bricks":2,"minecraft:hopper":1,"minecraft:oxeye_daisy":3,"minecraft:tuff_bricks":10,"minecraft:gilded_blackstone":6,"minecraft:polished_blackstone_bricks":60,"minecraft:tall_seagrass":3,"minecraft:magma_block":9,"minecraft:sculk_catalyst":4,"minecraft:glowstone":22,"minecraft:iron_ore":31,"minecraft:barrel":1,"minecraft:fire":78,"minecraft:cobbled_deepslate":9,"minecraft:polished_tuff":6,"minecraft:moss_carpet":1,"minecraft:pumpkin":1,"minecraft:azure_bluet":3,"minecraft:sculk_shrieker":9,"minecraft:dirt_path":15,"minecraft:orange_bed":1,"minecraft:soul_wall_torch":1,"minecraft:deepslate_redstone_ore":10,"minecraft:brown_mushroom":2,"minecraft:blackstone":150,"minecraft:kelp_plant":50,"minecraft:soul_fire":20,"minecraft:amethyst_cluster":4,"minecraft:powder_snow":42,"minecraft:clay":4,"minecraft:torch":5,"minecraft:blast_furnace":2,"minecraft:poppy":1,"minecraft:chest":10,"minecraft:glass":2,"minecraft:nether_quartz_ore":9,"minecraft:cobblestone":31,"minecraft:oak_planks":10,"minecraft:sugar_cane":379,"minecraft:iron_door":1,"minecraft:wall_torch":7,"minecraft:seagrass":4,"minecraft:chain":20,"minecraft:red_candle":3,"minecraft:warped_nylium":8,"minecraft:birch_log":5,"minecraft:brown_wall_banner":10,"minecraft:oak_log":99,"minecraft:sand":664,"minecraft:dirt":166,"minecraft:dispenser":7,"minecraft:stonecutter":4,"minecraft:netherrack":1081,"minecraft:oak_leaves":23,"minecraft:deepslate":150,"minecraft:nether_gold_ore":231,"minecraft:tuff":7,"minecraft:candle":8,"minecraft:oak_door":4,"minecraft:shulker_box":5,"minecraft:end_stone":1,"minecraft:nether_bricks":4,"minecraft:glow_lichen":2,"minecraft:dark_oak_fence":10,"minecraft:decorated_pot":5,"minecraft:redstone_wire":1,"minecraft:spruce_leaves":32,"minecraft:kelp":3,"minecraft:moss_block":1,"minecraft:cartography_table":1,"minecraft:sandstone":3,"minecraft:hay_block":106,"minecraft:redstone_ore":1,"minecraft:oak_trapdoor":5,"minecraft:waxed_copper_grate":3,"minecraft:andesite":6,"minecraft:gold_block":4,"minecraft:chiseled_tuff":3,"minecraft:cobblestone_slab":4,"minecraft:deepslate_iron_ore":10,"minecraft:vine":1,"minecraft:warped_stem":59,"minecraft:lantern":1,"minecraft:packed_ice":1,"minecraft:bamboo_sapling":12,"minecraft:chorus_plant":5,"minecraft:bamboo":8,"minecraft:stone":279,"minecraft:bone_block":17,"minecraft:scaffolding":3,"minecraft:soul_sand":21,"minecraft:basalt":417,"minecraft:observer":1,"minecraft:dandelion":4,"minecraft:crafting_table":8,"minecraft:cornflower":7,"minecraft:short_grass":270,"minecraft:warped_roots":1,"minecraft:sculk_sensor":20,"minecraft:tall_grass":148,"minecraft:deepslate_gold_ore":2,"minecraft:polished_blackstone_brick_stairs":1,"minecraft:sculk":2079,"minecraft:diorite":31,"minecraft:gray_wool":39,"minecraft:waxed_oxidized_copper_grate":1,"minecraft:spruce_log":200,"minecraft:birch_leaves":1,"minecraft:bee_nest":1,"minecraft:yellow_bed":5,"minecraft:coal_ore":33,"minecraft:gravel":41,"minecraft:cobweb":13,"minecraft:terracotta":4},"minecraft:killed_by":{"minecraft:zombified_piglin":1,"minecraft:piglin_brute":1,"minecraft:ravager":1,"minecraft:vindicator":2,"minecraft:piglin":2,"minecraft:zombie":3,"minecraft:player":5,"minecraft:iron_golem":1,"minecraft:ender_dragon":1,"minecraft:warden":3},"minecraft:custom":{"minecraft:interact_with_crafting_table":157,"minecraft:open_barrel":4,"minecraft:open_shulker_box":13,"minecraft:bell_ring":107,"minecraft:leave_game":40,"minecraft:time_since_death":44105,"minecraft:sprint_one_cm":5243504,"minecraft:damage_blocked_by_shield":4083,"minecraft:drop":252,"minecraft:talked_to_villager":78,"minecraft:play_time":1712714,"minecraft:deaths":33,"minecraft:jump":18012,"minecraft:interact_with_brewingstand":3,"minecraft:walk_on_water_one_cm":234906,"minecraft:interact_with_furnace":99,"minecraft:traded_with_villager":100,"minecraft:sleep_in_bed":32,"minecraft:damage_dealt":94827,"minecraft:interact_with_beacon":3,"minecraft:crouch_one_cm":525189,"minecraft:inspect_dispenser":6,"minecraft:horse_one_cm":131381,"minecraft:interact_with_anvil":7,"minecraft:mob_kills":648,"minecraft:inspect_hopper":1,"minecraft:climb_one_cm":45040,"minecraft:walk_one_cm":3239850,"minecraft:raid_win":1,"minecraft:sneak_time":180794,"minecraft:walk_under_water_one_cm":704924,"minecraft:boat_one_cm":1815457,"minecraft:interact_with_blast_furnace":2,"minecraft:total_world_time":1712714,"minecraft:raid_trigger":2,"minecraft:time_since_rest":44137,"minecraft:damage_taken":26573,"minecraft:damage_absorbed":81,"minecraft:swim_one_cm":1221491,"minecraft:fly_one_cm":2917302,"minecraft:open_chest":976,"minecraft:aviate_one_cm":15580404,"minecraft:fall_one_cm":435276},"minecraft:used":{"minecraft:moss_block":1,"minecraft:oak_sign":1,"minecraft:iron_shovel":14,"minecraft:elytra":20,"minecraft:ladder":6,"minecraft:poppy":2,"minecraft:diamond_hoe":2142,"minecraft:decorated_pot":3,"minecraft:chest":19,"minecraft:shield":119,"minecraft:iron_sword":389,"minecraft:rotten_flesh":36,"minecraft:sculk_sensor":1,"minecraft:iron_chestplate":2,"minecraft:soul_sand":5,"minecraft:carrot":29,"minecraft:obsidian":20,"minecraft:honey_bottle":2,"minecraft:glass":42,"minecraft:lava_bucket":8,"minecraft:waxed_oxidized_copper_grate":1,"minecraft:lantern":9,"minecraft:iron_helmet":1,"minecraft:golden_sword":10,"minecraft:bow":620,"minecraft:scaffolding":42,"minecraft:ominous_bottle":2,"minecraft:oak_sapling":18,"minecraft:furnace":2,"minecraft:golden_boots":3,"minecraft:oak_planks":8,"minecraft:stone_pickaxe":213,"minecraft:chorus_fruit":21,"minecraft:ender_pearl":19,"minecraft:wooden_pickaxe":21,"minecraft:sugar_cane":50,"minecraft:diamond_axe":220,"minecraft:calibrated_sculk_sensor":1,"minecraft:respawn_anchor":1,"minecraft:golden_apple":3,"minecraft:white_wool":1,"minecraft:glow_berries":1,"minecraft:mushroom_stew":11,"minecraft:blast_furnace":2,"minecraft:crossbow":41,"minecraft:shears":3,"minecraft:firework_rocket":307,"minecraft:bread":314,"minecraft:gravel":13,"minecraft:fire_charge":1,"minecraft:wooden_sword":45,"minecraft:stone_sword":34,"minecraft:dark_oak_fence":6,"minecraft:air":1,"minecraft:oak_boat":9,"minecraft:golden_pickaxe":10,"minecraft:bone_meal":9,"minecraft:experience_bottle":2,"minecraft:oak_trapdoor":5,"minecraft:acacia_log":1,"minecraft:flint_and_steel":10,"minecraft:cracked_deepslate_bricks":3,"minecraft:dried_kelp":371,"minecraft:stone_shovel":787,"minecraft:redstone":4,"minecraft:sculk":6,"minecraft:trial_key":4,"minecraft:cooked_chicken":1,"minecraft:netherrack":409,"minecraft:oak_door":7,"minecraft:torch":191,"minecraft:brewing_stand":1,"minecraft:dirt":144,"minecraft:white_carpet":24,"minecraft:hopper":2,"minecraft:golden_chestplate":2,"minecraft:shulker_box":5,"minecraft:diamond_helmet":2,"minecraft:granite":1,"minecraft:bee_nest":1,"minecraft:wooden_axe":30,"minecraft:iron_axe":1107,"minecraft:jungle_log":1,"minecraft:red_candle":8,"minecraft:iron_boots":4,"minecraft:bamboo":20,"minecraft:diamond_chestplate":1,"minecraft:glowstone":1,"minecraft:basalt":9,"minecraft:golden_carrot":7,"minecraft:soul_soil":3,"minecraft:goat_horn":18,"minecraft:cooked_beef":37,"minecraft:cobbled_deepslate":110,"minecraft:observer":4,"minecraft:iron_leggings":2,"minecraft:cooked_mutton":2,"minecraft:water_bucket":94,"minecraft:cobblestone_stairs":2,"minecraft:rabbit":1,"minecraft:birch_planks":1,"minecraft:glass_bottle":1,"minecraft:cartography_table":3,"minecraft:baked_potato":5,"minecraft:birch_boat":2,"minecraft:brown_mushroom":2,"minecraft:stonecutter":2,"minecraft:cobblestone_slab":69,"minecraft:warped_roots":2,"minecraft:polished_blackstone_bricks":39,"minecraft:terracotta":2,"minecraft:crafting_table":15,"minecraft:sculk_shrieker":2,"minecraft:white_bed":2,"minecraft:oak_log":5,"minecraft:piston":3,"minecraft:cornflower":1,"minecraft:diamond_pickaxe":2151,"minecraft:ender_eye":7,"minecraft:oxeye_daisy":3,"minecraft:wind_charge":3,"minecraft:cracked_polished_blackstone_bricks":34,"minecraft:iron_pickaxe":485,"minecraft:map":2,"minecraft:spruce_trapdoor":192,"minecraft:spruce_sapling":36,"minecraft:golden_leggings":1,"minecraft:stone_axe":396,"minecraft:cobblestone":4277,"minecraft:potion":7,"minecraft:porkchop":3,"minecraft:cooked_porkchop":2,"minecraft:bucket":130,"minecraft:glass_pane":2,"minecraft:yellow_bed":5,"minecraft:dandelion":5,"minecraft:diamond_leggings":1,"minecraft:gray_wool":23,"minecraft:sculk_catalyst":1,"minecraft:candle":22,"minecraft:soul_torch":6},"minecraft:crafted":{"minecraft:oak_planks":376,"minecraft:cobblestone_slab":66,"minecraft:birch_boat":2,"minecraft:calibrated_sculk_sensor":1,"minecraft:cobblestone_stairs":4,"minecraft:shulker_box":1,"minecraft:cooked_mutton":15,"minecraft:warped_planks":160,"minecraft:glass":196,"minecraft:hopper":1,"minecraft:diamond_helmet":1,"minecraft:bow":2,"minecraft:diamond_leggings":1,"minecraft:iron_boots":2,"minecraft:chest":11,"minecraft:respawn_anchor":1,"minecraft:golden_boots":1,"minecraft:glass_bottle":3,"minecraft:arrow":592,"minecraft:emerald":50,"minecraft:cooked_porkchop":30,"minecraft:crafting_table":9,"minecraft:spruce_planks":792,"minecraft:wooden_pickaxe":1,"minecraft:iron_helmet":1,"minecraft:moss_block":4,"minecraft:birch_planks":20,"minecraft:cartography_table":2,"minecraft:spruce_trapdoor":262,"minecraft:iron_chestplate":1,"minecraft:paper":549,"minecraft:shield":3,"minecraft:stick":918,"minecraft:iron_ingot":13,"minecraft:compass":1,"minecraft:iron_pickaxe":3,"minecraft:stone_sword":1,"minecraft:gold_ingot":168,"minecraft:shears":1,"minecraft:wooden_sword":1,"minecraft:oak_door":3,"minecraft:coal":63,"minecraft:redstone":9,"minecraft:stone_shovel":6,"minecraft:iron_nugget":63,"minecraft:furnace":2,"minecraft:piston":3,"minecraft:bone_meal":18,"minecraft:white_carpet":39,"minecraft:glass_pane":272,"minecraft:flint_and_steel":1,"minecraft:lantern":8,"minecraft:iron_axe":7,"minecraft:ladder":6,"minecraft:stone_pickaxe":2,"minecraft:filled_map":1,"minecraft:lead":2,"minecraft:observer":3,"minecraft:wheat":666,"minecraft:cooked_beef":46,"minecraft:dried_kelp":372,"minecraft:iron_sword":2,"minecraft:bucket":1,"minecraft:stone_axe":1,"minecraft:glowstone":14,"minecraft:air":0,"minecraft:bread":273,"minecraft:jungle_planks":12,"minecraft:oak_boat":2,"minecraft:white_wool":10,"minecraft:gold_nugget":9,"minecraft:wooden_axe":1,"minecraft:iron_shovel":1,"minecraft:iron_leggings":1,"minecraft:white_bed":1,"minecraft:torch":252,"minecraft:firework_rocket":423,"minecraft:diamond_chestplate":2},"minecraft:dropped":{"minecraft:warped_stem":21,"minecraft:porkchop":2,"minecraft:diamond_axe":2,"minecraft:golden_pickaxe":1,"minecraft:ender_pearl":1,"minecraft:glass_bottle":6,"minecraft:leather":2,"minecraft:leather_helmet":2,"minecraft:dirt":1,"minecraft:wooden_sword":1,"minecraft:bone_meal":4,"minecraft:polished_blackstone_bricks":14,"minecraft:gold_ingot":147,"minecraft:bone":9,"minecraft:gravel":2,"minecraft:stone_axe":1,"minecraft:iron_nugget":3,"minecraft:cobbled_deepslate":6,"minecraft:rotten_flesh":31,"minecraft:oak_planks":104,"minecraft:warped_planks":40,"minecraft:gunpowder":24,"minecraft:glowstone":2,"minecraft:basalt":1,"minecraft:arrow":211,"minecraft:ghast_tear":1,"minecraft:quartz":20,"minecraft:netherrack":64,"minecraft:firework_rocket":15,"minecraft:water_bucket":1,"minecraft:wheat_seeds":7,"minecraft:diamond_leggings":4,"minecraft:cobblestone":108,"minecraft:lead":1,"minecraft:mushroom_stew":1,"minecraft:stick":1,"minecraft:lava_bucket":1,"minecraft:ink_sac":2,"minecraft:iron_door":1,"minecraft:diamond_helmet":2,"minecraft:potion":5,"minecraft:paper":23,"minecraft:string":41,"minecraft:dandelion":1,"minecraft:moss_carpet":1,"minecraft:kelp":1,"minecraft:clay_ball":3,"minecraft:iron_boots":1,"minecraft:totem_of_undying":1,"minecraft:filled_map":1,"minecraft:diamond_sword":1,"minecraft:hay_block":8,"minecraft:shield":1,"minecraft:trial_key":1,"minecraft:diamond_chestplate":2,"minecraft:dragon_egg":1,"minecraft:diamond_pickaxe":1,"minecraft:spider_eye":1,"minecraft:barrel":2,"minecraft:bamboo":1,"minecraft:diamond_boots":1,"minecraft:bow":3,"minecraft:wooden_pickaxe":1},"minecraft:picked_up":{"minecraft:shulker_shell":2,"minecraft:iron_chestplate":8,"minecraft:lead":14,"minecraft:diamond_sword":1,"minecraft:oak_stairs":1,"minecraft:enchanted_book":16,"minecraft:potion":30,"minecraft:gilded_blackstone":6,"minecraft:nether_brick":54,"minecraft:brewing_stand":1,"minecraft:golden_sword":3,"minecraft:polished_blackstone_brick_stairs":1,"minecraft:string":112,"minecraft:soul_soil":21,"minecraft:iron_leggings":5,"minecraft:red_candle":8,"minecraft:experience_bottle":2,"minecraft:diamond_leggings":22,"minecraft:gold_nugget":1242,"minecraft:cobbled_deepslate":333,"minecraft:bucket":41,"minecraft:trial_key":2,"minecraft:cobblestone_slab":6,"minecraft:ender_eye":7,"minecraft:netherite_upgrade_smithing_template":1,"minecraft:iron_pickaxe":4,"minecraft:coal_block":5,"minecraft:iron_boots":5,"minecraft:golden_helmet":1,"minecraft:stick":54,"minecraft:torch":108,"minecraft:acacia_log":1,"minecraft:porkchop":42,"minecraft:dried_kelp":47,"minecraft:waxed_copper_grate":2,"minecraft:diorite":7,"minecraft:warped_planks":68,"minecraft:golden_chestplate":1,"minecraft:rabbit_foot":1,"minecraft:stone_sword":2,"minecraft:rotten_flesh":173,"minecraft:armadillo_scute":1,"minecraft:glowstone":2,"minecraft:blaze_rod":1,"minecraft:obsidian":10,"minecraft:cod":9,"minecraft:cobblestone":1294,"minecraft:birch_log":5,"minecraft:magma_block":1,"minecraft:feather":2,"minecraft:cooked_beef":101,"minecraft:magma_cream":12,"minecraft:andesite":6,"minecraft:iron_door":1,"minecraft:water_bucket":10,"minecraft:jungle_log":4,"minecraft:golden_leggings":2,"minecraft:potato":38,"minecraft:beacon":1,"minecraft:flint":12,"minecraft:tuff":6,"minecraft:dirt":628,"minecraft:lantern":1,"minecraft:disc_fragment_5":1,"minecraft:name_tag":2,"minecraft:bone":125,"minecraft:stonecutter":4,"minecraft:bow":35,"minecraft:wheat_seeds":89,"minecraft:diamond_helmet":7,"minecraft:bamboo":41,"minecraft:rabbit":1,"minecraft:glowstone_dust":59,"minecraft:moss_block":2,"minecraft:oak_planks":232,"minecraft:ghast_tear":2,"minecraft:cooked_porkchop":2,"minecraft:oak_pressure_plate":2,"minecraft:sand":661,"minecraft:ink_sac":2,"minecraft:grass_block":2,"minecraft:shulker_box":6,"minecraft:spectral_arrow":172,"minecraft:barrel":3,"minecraft:dispenser":7,"minecraft:snout_armor_trim_smithing_template":1,"minecraft:diamond":6,"minecraft:waxed_oxidized_copper_grate":1,"minecraft:cracked_polished_blackstone_bricks":151,"minecraft:breeze_rod":5,"minecraft:crossbow":8,"minecraft:granite":1,"minecraft:bone_meal":18,"minecraft:golden_apple":12,"minecraft:emerald":88,"minecraft:bread":327,"minecraft:music_disc_precipice":1,"minecraft:oak_sapling":23,"minecraft:netherrack":1630,"minecraft:chorus_fruit":102,"minecraft:dark_oak_fence":9,"minecraft:diamond_pickaxe":8,"minecraft:crafting_table":10,"minecraft:bee_nest":1,"minecraft:azure_bluet":12,"minecraft:splash_potion":2,"minecraft:ominous_bottle":4,"minecraft:chicken":1,"minecraft:clay_ball":19,"minecraft:golden_pickaxe":7,"minecraft:brown_mushroom":2,"minecraft:gold_block":21,"minecraft:chain":20,"minecraft:shield":20,"minecraft:brick":4,"minecraft:wind_charge":8,"minecraft:cornflower":63,"minecraft:oak_trapdoor":5,"minecraft:moss_carpet":1,"minecraft:elytra":10,"minecraft:iron_axe":8,"minecraft:flint_and_steel":2,"minecraft:compass":2,"minecraft:blackstone":223,"minecraft:cartography_table":1,"minecraft:candle":22,"minecraft:beef":61,"minecraft:echo_shard":2,"minecraft:oak_boat":11,"minecraft:chiseled_tuff":4,"minecraft:observer":1,"minecraft:iron_nugget":101,"minecraft:poppy":10,"minecraft:light_gray_wool":2,"minecraft:guster_pottery_sherd":1,"minecraft:sugar_cane":672,"minecraft:chest":10,"minecraft:spruce_trapdoor":6,"minecraft:diamond_hoe":2,"minecraft:egg":2,"minecraft:raw_iron":57,"minecraft:end_stone":9,"minecraft:stone":2,"minecraft:oak_door":8,"minecraft:bowl":4,"minecraft:fire_charge":6,"minecraft:polished_blackstone_bricks":252,"minecraft:carrot":67,"minecraft:redstone":49,"minecraft:tnt":1,"minecraft:arrow":1968,"minecraft:diamond_chestplate":3,"minecraft:decorated_pot":4,"minecraft:diamond_boots":5,"minecraft:hay_block":106,"minecraft:cracked_deepslate_bricks":3,"minecraft:saddle":16,"minecraft:gold_ingot":114,"minecraft:totem_of_undying":2,"minecraft:tuff_bricks":8,"minecraft:glow_berries":19,"minecraft:mutton":22,"minecraft:white_wool":12,"minecraft:bone_block":34,"minecraft:oxeye_daisy":3,"minecraft:basalt":408,"minecraft:golden_carrot":15,"minecraft:salmon":33,"minecraft:leather":61,"minecraft:filled_map":5,"minecraft:mushroom_stew":17,"minecraft:oak_log":99,"minecraft:yellow_bed":5,"minecraft:cobblestone_wall":1,"minecraft:gunpowder":205,"minecraft:cobblestone_stairs":1,"minecraft:sculk_vein":6,"minecraft:white_banner":33,"minecraft:cooked_mutton":26,"minecraft:apple":18,"minecraft:kelp":402,"minecraft:warped_stem":119,"minecraft:rabbit_hide":1,"minecraft:iron_ingot":309,"minecraft:stone_pickaxe":6,"minecraft:cooked_chicken":4,"minecraft:glass_bottle":5,"minecraft:iron_sword":10,"minecraft:soul_sand":104,"minecraft:book":2,"minecraft:sculk_catalyst":6,"minecraft:scaffolding":259,"minecraft:birch_boat":1,"minecraft:pumpkin":1,"minecraft:sculk":20,"minecraft:dandelion":7,"minecraft:quartz":69,"minecraft:gravel":88,"minecraft:lava_bucket":3,"minecraft:amethyst_shard":63,"minecraft:soul_torch":36,"minecraft:spruce_sapling":44,"minecraft:blast_furnace":2,"minecraft:white_bed":1,"minecraft:spruce_log":198,"minecraft:crying_obsidian":22,"minecraft:spider_eye":23,"minecraft:polished_tuff":4,"minecraft:dragon_egg":1,"minecraft:leather_helmet":2,"minecraft:firework_rocket":391,"minecraft:sculk_sensor":13,"minecraft:slime_ball":52,"minecraft:stone_axe":9,"minecraft:short_grass":3,"minecraft:iron_helmet":6,"minecraft:diamond_axe":14,"minecraft:gray_wool":71,"minecraft:warped_roots":12,"minecraft:oak_button":5,"minecraft:terracotta":4,"minecraft:baked_potato":5,"minecraft:brown_banner":10,"minecraft:coal":61,"minecraft:chiseled_tuff_bricks":2,"minecraft:hopper":1,"minecraft:ender_pearl":58},"minecraft:killed":{"minecraft:witch":1,"minecraft:zombified_piglin":3,"minecraft:spider":51,"minecraft:cod":5,"minecraft:skeleton":75,"minecraft:chicken":1,"minecraft:silverfish":10,"minecraft:piglin_brute":1,"minecraft:magma_cube":61,"minecraft:piglin":9,"minecraft:pig":21,"minecraft:zombie_villager":5,"minecraft:salmon":11,"minecraft:iron_golem":7,"minecraft:ender_dragon":1,"minecraft:creeper":102,"minecraft:sheep":14,"minecraft:pillager":12,"minecraft:goat":4,"minecraft:zombie":121,"minecraft:mooshroom":1,"minecraft:ghast":3,"minecraft:blaze":3,"minecraft:cow":30,"minecraft:armadillo":1,"minecraft:vex":1,"minecraft:evoker":1,"minecraft:endermite":1,"minecraft:vindicator":3,"minecraft:slime":17,"minecraft:horse":6,"minecraft:drowned":3,"minecraft:warden":1,"minecraft:wandering_trader":1,"minecraft:ravager":3,"minecraft:squid":1,"minecraft:breeze":2,"minecraft:wither_skeleton":1,"minecraft:villager":3,"minecraft:enderman":30}},"DataVersion":3953}