{"stats":{"minecraft:broken":{"minecraft:stone_pickaxe":1,"minecraft:stone_axe":3,"minecraft:stone_shovel":5,"minecraft:iron_axe":1,"minecraft:iron_pickaxe":1},"minecraft:mined":{"minecraft:white_bed":1,"minecraft:oak_sapling":1,"minecraft:cobblestone_stairs":1,"minecraft:brewing_stand":1,"minecraft:acacia_log":1,"minecraft:grass_block":26,"minecraft:jungle_log":4,"minecraft:oak_pressure_plate":2,"minecraft:soul_soil":9,"minecraft:chiseled_tuff_bricks":2,"minecraft:hopper":1,"minecraft:oxeye_daisy":3,"minecraft:tuff_bricks":10,"minecraft:tall_seagrass":3,"minecraft:cobbled_deepslate":8,"minecraft:iron_ore":14,"minecraft:fire":14,"minecraft:barrel":1,"minecraft:polished_tuff":6,"minecraft:pumpkin":1,"minecraft:dirt_path":15,"minecraft:kelp_plant":49,"minecraft:soul_fire":11,"minecraft:powder_snow":42,"minecraft:clay":4,"minecraft:torch":1,"minecraft:blast_furnace":1,"minecraft:chest":5,"minecraft:nether_quartz_ore":2,"minecraft:cobblestone":13,"minecraft:sugar_cane":297,"minecraft:oak_planks":2,"minecraft:seagrass":4,"minecraft:chain":20,"minecraft:red_candle":3,"minecraft:brown_wall_banner":10,"minecraft:oak_log":36,"minecraft:sand":661,"minecraft:dirt":38,"minecraft:dispenser":7,"minecraft:stonecutter":4,"minecraft:netherrack":223,"minecraft:oak_leaves":10,"minecraft:deepslate":24,"minecraft:nether_gold_ore":32,"minecraft:candle":8,"minecraft:oak_door":2,"minecraft:glow_lichen":2,"minecraft:decorated_pot":5,"minecraft:redstone_wire":1,"minecraft:spruce_leaves":6,"minecraft:cartography_table":1,"minecraft:kelp":2,"minecraft:hay_block":94,"minecraft:oak_trapdoor":5,"minecraft:waxed_copper_grate":3,"minecraft:andesite":6,"minecraft:chiseled_tuff":3,"minecraft:deepslate_iron_ore":9,"minecraft:vine":1,"minecraft:packed_ice":1,"minecraft:bamboo":1,"minecraft:stone":130,"minecraft:bone_block":17,"minecraft:observer":1,"minecraft:dandelion":1,"minecraft:crafting_table":7,"minecraft:short_grass":123,"minecraft:tall_grass":88,"minecraft:diorite":7,"minecraft:waxed_oxidized_copper_grate":1,"minecraft:bee_nest":1,"minecraft:coal_ore":33,"minecraft:gravel":6,"minecraft:terracotta":4},"minecraft:killed_by":{"minecraft:piglin":1,"minecraft:zombie":2,"minecraft:player":1,"minecraft:iron_golem":1},"minecraft:custom":{"minecraft:interact_with_crafting_table":76,"minecraft:open_barrel":3,"minecraft:bell_ring":45,"minecraft:leave_game":10,"minecraft:time_since_death":185867,"minecraft:sprint_one_cm":1833400,"minecraft:damage_blocked_by_shield":270,"minecraft:drop":24,"minecraft:talked_to_villager":47,"minecraft:play_time":693457,"minecraft:deaths":8,"minecraft:jump":6244,"minecraft:interact_with_brewingstand":1,"minecraft:walk_on_water_one_cm":99699,"minecraft:interact_with_furnace":78,"minecraft:traded_with_villager":36,"minecraft:sleep_in_bed":15,"minecraft:damage_dealt":33935,"minecraft:interact_with_beacon":2,"minecraft:crouch_one_cm":142388,"minecraft:inspect_dispenser":6,"minecraft:horse_one_cm":2442,"minecraft:mob_kills":198,"minecraft:inspect_hopper":1,"minecraft:climb_one_cm":5827,"minecraft:walk_one_cm":1169832,"minecraft:sneak_time":49496,"minecraft:walk_under_water_one_cm":242204,"minecraft:boat_one_cm":1408732,"minecraft:total_world_time":693457,"minecraft:time_since_rest":17173,"minecraft:damage_taken":6834,"minecraft:swim_one_cm":415417,"minecraft:fly_one_cm":1038847,"minecraft:open_chest":370,"minecraft:aviate_one_cm":7732776,"minecraft:fall_one_cm":139672},"minecraft:used":{"minecraft:moss_block":1,"minecraft:elytra":11,"minecraft:oak_sign":1,"minecraft:decorated_pot":3,"minecraft:chest":9,"minecraft:shield":10,"minecraft:iron_sword":196,"minecraft:rotten_flesh":32,"minecraft:obsidian":10,"minecraft:honey_bottle":2,"minecraft:glass":42,"minecraft:waxed_oxidized_copper_grate":1,"minecraft:lava_bucket":4,"minecraft:golden_sword":10,"minecraft:bow":78,"minecraft:furnace":2,"minecraft:oak_sapling":12,"minecraft:golden_boots":2,"minecraft:stone_pickaxe":131,"minecraft:ender_pearl":2,"minecraft:wooden_pickaxe":21,"minecraft:sugar_cane":37,"minecraft:white_wool":1,"minecraft:shears":3,"minecraft:firework_rocket":129,"minecraft:bread":98,"minecraft:fire_charge":1,"minecraft:oak_boat":9,"minecraft:bone_meal":3,"minecraft:golden_pickaxe":1,"minecraft:oak_trapdoor":5,"minecraft:stone_sword":34,"minecraft:acacia_log":1,"minecraft:flint_and_steel":10,"minecraft:dried_kelp":371,"minecraft:stone_shovel":655,"minecraft:redstone":4,"minecraft:netherrack":33,"minecraft:trial_key":1,"minecraft:oak_door":7,"minecraft:torch":92,"minecraft:brewing_stand":1,"minecraft:dirt":53,"minecraft:hopper":2,"minecraft:bee_nest":1,"minecraft:iron_axe":169,"minecraft:jungle_log":1,"minecraft:red_candle":8,"minecraft:soul_soil":3,"minecraft:cooked_beef":11,"minecraft:observer":4,"minecraft:iron_leggings":2,"minecraft:cooked_mutton":2,"minecraft:water_bucket":1,"minecraft:cobblestone_stairs":2,"minecraft:rabbit":1,"minecraft:glass_bottle":1,"minecraft:cartography_table":3,"minecraft:stonecutter":2,"minecraft:cobblestone_slab":6,"minecraft:terracotta":2,"minecraft:crafting_table":9,"minecraft:white_bed":2,"minecraft:piston":3,"minecraft:oxeye_daisy":3,"minecraft:iron_pickaxe":464,"minecraft:stone_axe":322,"minecraft:cobblestone":3821,"minecraft:porkchop":3,"minecraft:bucket":27,"minecraft:dandelion":4,"minecraft:candle":22},"minecraft:dropped":{"minecraft:stone_axe":1,"minecraft:wheat_seeds":7,"minecraft:diamond_leggings":1,"minecraft:stick":1,"minecraft:lava_bucket":1,"minecraft:ink_sac":2,"minecraft:diamond_helmet":1,"minecraft:paper":23,"minecraft:iron_boots":1,"minecraft:filled_map":1,"minecraft:hay_block":8,"minecraft:trial_key":1,"minecraft:diamond_chestplate":1,"minecraft:barrel":2,"minecraft:spider_eye":1,"minecraft:wooden_pickaxe":1},"minecraft:crafted":{"minecraft:oak_planks":144,"minecraft:cobblestone_slab":6,"minecraft:cobblestone_stairs":4,"minecraft:cooked_mutton":2,"minecraft:hopper":1,"minecraft:glass":196,"minecraft:diamond_helmet":1,"minecraft:bow":1,"minecraft:diamond_leggings":1,"minecraft:iron_boots":2,"minecraft:chest":5,"minecraft:golden_boots":1,"minecraft:glass_bottle":3,"minecraft:arrow":96,"minecraft:emerald":26,"minecraft:crafting_table":4,"minecraft:wooden_pickaxe":1,"minecraft:iron_helmet":1,"minecraft:moss_block":4,"minecraft:cartography_table":2,"minecraft:iron_chestplate":1,"minecraft:paper":465,"minecraft:shield":2,"minecraft:stick":92,"minecraft:iron_ingot":5,"minecraft:compass":1,"minecraft:iron_pickaxe":2,"minecraft:stone_sword":1,"minecraft:gold_ingot":13,"minecraft:shears":1,"minecraft:oak_door":3,"minecraft:coal":63,"minecraft:redstone":9,"minecraft:stone_shovel":5,"minecraft:furnace":2,"minecraft:piston":3,"minecraft:bone_meal":18,"minecraft:glass_pane":272,"minecraft:flint_and_steel":1,"minecraft:iron_axe":2,"minecraft:stone_pickaxe":1,"minecraft:filled_map":1,"minecraft:observer":3,"minecraft:wheat":477,"minecraft:cooked_beef":13,"minecraft:dried_kelp":372,"minecraft:iron_sword":2,"minecraft:bucket":1,"minecraft:stone_axe":1,"minecraft:bread":100,"minecraft:air":0,"minecraft:jungle_planks":8,"minecraft:oak_boat":2,"minecraft:iron_leggings":1,"minecraft:white_bed":1,"minecraft:torch":252,"minecraft:diamond_chestplate":1,"minecraft:firework_rocket":132},"minecraft:picked_up":{"minecraft:lead":2,"minecraft:oak_stairs":1,"minecraft:brewing_stand":1,"minecraft:golden_sword":2,"minecraft:string":21,"minecraft:soul_soil":17,"minecraft:iron_leggings":2,"minecraft:red_candle":8,"minecraft:gold_nugget":248,"minecraft:cobbled_deepslate":209,"minecraft:bucket":28,"minecraft:trial_key":2,"minecraft:iron_pickaxe":3,"minecraft:coal_block":5,"minecraft:golden_helmet":1,"minecraft:stick":16,"minecraft:torch":1,"minecraft:acacia_log":1,"minecraft:porkchop":34,"minecraft:dried_kelp":7,"minecraft:waxed_copper_grate":2,"minecraft:diorite":7,"minecraft:rabbit_foot":1,"minecraft:stone_sword":2,"minecraft:rotten_flesh":54,"minecraft:armadillo_scute":1,"minecraft:obsidian":1,"minecraft:cod":2,"minecraft:cobblestone":506,"minecraft:cooked_beef":2,"minecraft:andesite":6,"minecraft:jungle_log":4,"minecraft:golden_leggings":1,"minecraft:beacon":1,"minecraft:potato":38,"minecraft:flint":5,"minecraft:tuff":6,"minecraft:dirt":129,"minecraft:bone":21,"minecraft:stonecutter":4,"minecraft:bow":3,"minecraft:wheat_seeds":22,"minecraft:rabbit":1,"minecraft:bamboo":15,"minecraft:oak_planks":36,"minecraft:oak_pressure_plate":2,"minecraft:sand":661,"minecraft:ink_sac":2,"minecraft:grass_block":1,"minecraft:barrel":3,"minecraft:dispenser":7,"minecraft:waxed_oxidized_copper_grate":1,"minecraft:breeze_rod":2,"minecraft:bone_meal":9,"minecraft:bread":87,"minecraft:music_disc_precipice":1,"minecraft:oak_sapling":15,"minecraft:netherrack":399,"minecraft:crafting_table":8,"minecraft:bee_nest":1,"minecraft:ominous_bottle":1,"minecraft:clay_ball":16,"minecraft:chain":20,"minecraft:shield":1,"minecraft:brick":4,"minecraft:wind_charge":3,"minecraft:oak_trapdoor":5,"minecraft:elytra":1,"minecraft:flint_and_steel":1,"minecraft:cartography_table":1,"minecraft:candle":22,"minecraft:beef":61,"minecraft:oak_boat":11,"minecraft:chiseled_tuff":4,"minecraft:observer":1,"minecraft:light_gray_wool":2,"minecraft:poppy":6,"minecraft:guster_pottery_sherd":1,"minecraft:sugar_cane":518,"minecraft:chest":5,"minecraft:egg":2,"minecraft:raw_iron":23,"minecraft:oak_door":6,"minecraft:redstone":1,"minecraft:arrow":20,"minecraft:decorated_pot":4,"minecraft:hay_block":94,"minecraft:tuff_bricks":8,"minecraft:mutton":18,"minecraft:white_wool":9,"minecraft:bone_block":34,"minecraft:oxeye_daisy":3,"minecraft:leather":32,"minecraft:filled_map":3,"minecraft:oak_log":36,"minecraft:gunpowder":47,"minecraft:cobblestone_stairs":1,"minecraft:apple":16,"minecraft:kelp":401,"minecraft:rabbit_hide":1,"minecraft:iron_ingot":22,"minecraft:iron_sword":1,"minecraft:pumpkin":1,"minecraft:quartz":4,"minecraft:dandelion":4,"minecraft:gravel":5,"minecraft:blast_furnace":1,"minecraft:white_bed":1,"minecraft:polished_tuff":4,"minecraft:spider_eye":12,"minecraft:stone_axe":3,"minecraft:short_grass":3,"minecraft:diamond_axe":1,"minecraft:oak_button":5,"minecraft:terracotta":4,"minecraft:baked_potato":2,"minecraft:brown_banner":10,"minecraft:hopper":1,"minecraft:chiseled_tuff_bricks":2,"minecraft:coal":33,"minecraft:ender_pearl":2},"minecraft:killed":{"minecraft:spider":18,"minecraft:skeleton":17,"minecraft:silverfish":5,"minecraft:piglin":1,"minecraft:pig":19,"minecraft:zombie_villager":1,"minecraft:iron_golem":5,"minecraft:creeper":34,"minecraft:sheep":11,"minecraft:goat":4,"minecraft:zombie":41,"minecraft:cow":30,"minecraft:armadillo":1,"minecraft:drowned":2,"minecraft:wandering_trader":1,"minecraft:squid":1,"minecraft:villager":1,"minecraft:enderman":1}},"DataVersion":3953}