{"stats":{"minecraft:mined":{"minecraft:white_bed":1,"minecraft:oak_sapling":1,"minecraft:cobblestone_stairs":1,"minecraft:dandelion":1,"minecraft:clay":4,"minecraft:crafting_table":3,"minecraft:short_grass":11,"minecraft:grass_block":4,"minecraft:soul_soil":8,"minecraft:tall_grass":16,"minecraft:cobblestone":6,"minecraft:sugar_cane":6,"minecraft:oxeye_daisy":1,"minecraft:hay_block":31,"minecraft:oak_trapdoor":5,"minecraft:iron_ore":4,"minecraft:fire":1,"minecraft:oak_log":17,"minecraft:coal_ore":33,"minecraft:dirt_path":1,"minecraft:gravel":5,"minecraft:dirt":4,"minecraft:terracotta":4,"minecraft:stonecutter":1,"minecraft:stone":52,"minecraft:netherrack":54,"minecraft:bone_block":17,"minecraft:oak_leaves":4},"minecraft:broken":{"minecraft:stone_pickaxe":1},"minecraft:killed_by":{"minecraft:zombie":1,"minecraft:iron_golem":1},"minecraft:custom":{"minecraft:interact_with_furnace":12,"minecraft:mob_kills":33,"minecraft:interact_with_crafting_table":14,"minecraft:bell_ring":6,"minecraft:time_since_death":17960,"minecraft:sleep_in_bed":4,"minecraft:time_since_rest":17996,"minecraft:sprint_one_cm":357603,"minecraft:damage_taken":1793,"minecraft:walk_one_cm":202663,"minecraft:drop":2,"minecraft:damage_dealt":5788,"minecraft:swim_one_cm":97226,"minecraft:talked_to_villager":5,"minecraft:fly_one_cm":319426,"minecraft:open_chest":56,"minecraft:crouch_one_cm":1130,"minecraft:play_time":153380,"minecraft:sneak_time":1439,"minecraft:deaths":2,"minecraft:walk_under_water_one_cm":14790,"minecraft:boat_one_cm":1208290,"minecraft:aviate_one_cm":141215,"minecraft:jump":1576,"minecraft:walk_on_water_one_cm":13095,"minecraft:total_world_time":153380,"minecraft:fall_one_cm":40950},"minecraft:used":{"minecraft:oak_trapdoor":5,"minecraft:stone_sword":34,"minecraft:cobblestone_stairs":2,"minecraft:flint_and_steel":2,"minecraft:stone_pickaxe":131,"minecraft:elytra":2,"minecraft:chest":3,"minecraft:wooden_pickaxe":21,"minecraft:sugar_cane":13,"minecraft:netherrack":19,"minecraft:dirt":8,"minecraft:terracotta":2,"minecraft:crafting_table":4,"minecraft:white_bed":1,"minecraft:obsidian":10,"minecraft:firework_rocket":2,"minecraft:oxeye_daisy":1,"minecraft:bread":14,"minecraft:iron_pickaxe":32,"minecraft:golden_sword":7,"minecraft:fire_charge":1,"minecraft:stone_axe":106,"minecraft:cobblestone":14,"minecraft:oak_sapling":6,"minecraft:furnace":2,"minecraft:cooked_beef":11,"minecraft:oak_boat":8,"minecraft:dandelion":4},"minecraft:dropped":{"minecraft:hay_block":8,"minecraft:wooden_pickaxe":1},"minecraft:crafted":{"minecraft:cooked_beef":13,"minecraft:oak_planks":68,"minecraft:crafting_table":2,"minecraft:wooden_pickaxe":1,"minecraft:furnace":2,"minecraft:cobblestone_stairs":4,"minecraft:bone_meal":9,"minecraft:stone_axe":1,"minecraft:bread":3,"minecraft:air":0,"minecraft:flint_and_steel":1,"minecraft:oak_boat":1,"minecraft:paper":3,"minecraft:shield":1,"minecraft:stick":8,"minecraft:iron_ingot":5,"minecraft:stone_pickaxe":1,"minecraft:stone_sword":1,"minecraft:chest":3,"minecraft:firework_rocket":6,"minecraft:wheat":9},"minecraft:picked_up":{"minecraft:crafting_table":4,"minecraft:cooked_beef":2,"minecraft:clay_ball":16,"minecraft:leather":11,"minecraft:golden_leggings":1,"minecraft:oak_stairs":1,"minecraft:potato":38,"minecraft:filled_map":3,"minecraft:flint":5,"minecraft:oak_log":17,"minecraft:shield":1,"minecraft:golden_sword":1,"minecraft:gunpowder":3,"minecraft:cobblestone_stairs":1,"minecraft:dirt":9,"minecraft:string":9,"minecraft:oak_trapdoor":5,"minecraft:elytra":1,"minecraft:soul_soil":8,"minecraft:flint_and_steel":1,"minecraft:iron_leggings":1,"minecraft:bone":3,"minecraft:apple":16,"minecraft:bow":3,"minecraft:kelp":16,"minecraft:stonecutter":1,"minecraft:wheat_seeds":3,"minecraft:beef":26,"minecraft:oak_boat":10,"minecraft:light_gray_wool":1,"minecraft:iron_pickaxe":2,"minecraft:sugar_cane":18,"minecraft:oak_planks":18,"minecraft:egg":2,"minecraft:golden_helmet":1,"minecraft:stick":8,"minecraft:raw_iron":4,"minecraft:dandelion":4,"minecraft:gravel":4,"minecraft:porkchop":1,"minecraft:white_bed":1,"minecraft:spider_eye":6,"minecraft:stone_sword":2,"minecraft:arrow":3,"minecraft:rotten_flesh":12,"minecraft:stone_axe":2,"minecraft:hay_block":31,"minecraft:mutton":5,"minecraft:bone_meal":9,"minecraft:bread":23,"minecraft:terracotta":4,"minecraft:white_wool":2,"minecraft:oak_sapling":6,"minecraft:netherrack":85,"minecraft:cod":1,"minecraft:coal":33,"minecraft:bone_block":34,"minecraft:cobblestone":89,"minecraft:oxeye_daisy":1},"minecraft:killed":{"minecraft:pig":1,"minecraft:spider":6,"minecraft:creeper":2,"minecraft:sheep":3,"minecraft:skeleton":1,"minecraft:goat":4,"minecraft:zombie":4,"minecraft:drowned":1,"minecraft:cow":11}},"DataVersion":3953}