{"stats":{"minecraft:broken":{"minecraft:stone_pickaxe":1,"minecraft:stone_axe":4,"minecraft:iron_sword":1,"minecraft:stone_shovel":5,"minecraft:iron_axe":1,"minecraft:iron_pickaxe":1},"minecraft:mined":{"minecraft:white_bed":1,"minecraft:oak_sapling":1,"minecraft:cobblestone_stairs":1,"minecraft:sculk_vein":45,"minecraft:brewing_stand":1,"minecraft:acacia_log":1,"minecraft:grass_block":123,"minecraft:jungle_log":4,"minecraft:oak_pressure_plate":2,"minecraft:soul_soil":9,"minecraft:chiseled_tuff_bricks":2,"minecraft:hopper":1,"minecraft:oxeye_daisy":3,"minecraft:tuff_bricks":10,"minecraft:tall_seagrass":3,"minecraft:sculk_catalyst":4,"minecraft:cobbled_deepslate":8,"minecraft:iron_ore":14,"minecraft:fire":14,"minecraft:barrel":1,"minecraft:polished_tuff":6,"minecraft:moss_carpet":1,"minecraft:pumpkin":1,"minecraft:azure_bluet":1,"minecraft:sculk_shrieker":9,"minecraft:dirt_path":15,"minecraft:orange_bed":1,"minecraft:kelp_plant":50,"minecraft:soul_fire":11,"minecraft:amethyst_cluster":4,"minecraft:powder_snow":42,"minecraft:clay":4,"minecraft:torch":5,"minecraft:blast_furnace":2,"minecraft:chest":10,"minecraft:glass":2,"minecraft:nether_quartz_ore":2,"minecraft:cobblestone":16,"minecraft:sugar_cane":379,"minecraft:oak_planks":2,"minecraft:wall_torch":7,"minecraft:seagrass":4,"minecraft:chain":20,"minecraft:red_candle":3,"minecraft:brown_wall_banner":10,"minecraft:oak_log":68,"minecraft:sand":661,"minecraft:dirt":93,"minecraft:dispenser":7,"minecraft:stonecutter":4,"minecraft:netherrack":223,"minecraft:oak_leaves":13,"minecraft:deepslate":27,"minecraft:nether_gold_ore":32,"minecraft:candle":8,"minecraft:oak_door":2,"minecraft:glow_lichen":2,"minecraft:decorated_pot":5,"minecraft:redstone_wire":1,"minecraft:moss_block":1,"minecraft:spruce_leaves":6,"minecraft:cartography_table":1,"minecraft:kelp":3,"minecraft:hay_block":94,"minecraft:oak_trapdoor":5,"minecraft:waxed_copper_grate":3,"minecraft:andesite":6,"minecraft:chiseled_tuff":3,"minecraft:deepslate_iron_ore":9,"minecraft:vine":1,"minecraft:lantern":1,"minecraft:packed_ice":1,"minecraft:bamboo_sapling":12,"minecraft:bamboo":8,"minecraft:stone":130,"minecraft:bone_block":17,"minecraft:observer":1,"minecraft:dandelion":1,"minecraft:crafting_table":8,"minecraft:cornflower":4,"minecraft:short_grass":168,"minecraft:sculk_sensor":20,"minecraft:tall_grass":92,"minecraft:sculk":2078,"minecraft:diorite":7,"minecraft:gray_wool":39,"minecraft:waxed_oxidized_copper_grate":1,"minecraft:bee_nest":1,"minecraft:coal_ore":33,"minecraft:gravel":6,"minecraft:terracotta":4},"minecraft:killed_by":{"minecraft:piglin":1,"minecraft:zombie":2,"minecraft:player":4,"minecraft:iron_golem":1,"minecraft:warden":3},"minecraft:custom":{"minecraft:interact_with_crafting_table":97,"minecraft:open_barrel":3,"minecraft:bell_ring":45,"minecraft:leave_game":20,"minecraft:time_since_death":74763,"minecraft:sprint_one_cm":2684172,"minecraft:damage_blocked_by_shield":1069,"minecraft:drop":36,"minecraft:talked_to_villager":52,"minecraft:play_time":970581,"minecraft:deaths":17,"minecraft:jump":9095,"minecraft:interact_with_brewingstand":1,"minecraft:walk_on_water_one_cm":142807,"minecraft:interact_with_furnace":91,"minecraft:traded_with_villager":47,"minecraft:sleep_in_bed":17,"minecraft:damage_dealt":48680,"minecraft:interact_with_beacon":2,"minecraft:crouch_one_cm":355336,"minecraft:inspect_dispenser":6,"minecraft:horse_one_cm":2442,"minecraft:mob_kills":329,"minecraft:interact_with_anvil":1,"minecraft:inspect_hopper":1,"minecraft:climb_one_cm":16795,"minecraft:walk_one_cm":1810138,"minecraft:sneak_time":119915,"minecraft:walk_under_water_one_cm":464411,"minecraft:boat_one_cm":1408732,"minecraft:interact_with_blast_furnace":2,"minecraft:total_world_time":970581,"minecraft:time_since_rest":41363,"minecraft:damage_taken":13398,"minecraft:swim_one_cm":589640,"minecraft:fly_one_cm":1474789,"minecraft:open_chest":508,"minecraft:aviate_one_cm":9021861,"minecraft:fall_one_cm":236202},"minecraft:used":{"minecraft:moss_block":1,"minecraft:elytra":13,"minecraft:oak_sign":1,"minecraft:diamond_hoe":2142,"minecraft:decorated_pot":3,"minecraft:chest":16,"minecraft:shield":33,"minecraft:iron_sword":231,"minecraft:rotten_flesh":32,"minecraft:obsidian":10,"minecraft:honey_bottle":2,"minecraft:glass":42,"minecraft:lava_bucket":4,"minecraft:waxed_oxidized_copper_grate":1,"minecraft:lantern":9,"minecraft:iron_helmet":1,"minecraft:golden_sword":10,"minecraft:bow":359,"minecraft:oak_sapling":18,"minecraft:furnace":2,"minecraft:golden_boots":2,"minecraft:stone_pickaxe":138,"minecraft:ender_pearl":2,"minecraft:wooden_pickaxe":21,"minecraft:calibrated_sculk_sensor":1,"minecraft:sugar_cane":50,"minecraft:white_wool":1,"minecraft:glow_berries":1,"minecraft:blast_furnace":2,"minecraft:shears":3,"minecraft:firework_rocket":162,"minecraft:bread":194,"minecraft:fire_charge":1,"minecraft:oak_boat":9,"minecraft:bone_meal":9,"minecraft:golden_pickaxe":6,"minecraft:oak_trapdoor":5,"minecraft:acacia_log":1,"minecraft:stone_sword":34,"minecraft:flint_and_steel":10,"minecraft:cracked_deepslate_bricks":3,"minecraft:dried_kelp":371,"minecraft:stone_shovel":764,"minecraft:redstone":4,"minecraft:sculk":4,"minecraft:trial_key":1,"minecraft:netherrack":33,"minecraft:oak_door":7,"minecraft:torch":166,"minecraft:brewing_stand":1,"minecraft:dirt":135,"minecraft:white_carpet":12,"minecraft:hopper":2,"minecraft:bee_nest":1,"minecraft:iron_axe":367,"minecraft:jungle_log":1,"minecraft:red_candle":8,"minecraft:bamboo":20,"minecraft:soul_soil":3,"minecraft:cooked_beef":11,"minecraft:observer":4,"minecraft:iron_leggings":2,"minecraft:cooked_mutton":2,"minecraft:water_bucket":5,"minecraft:cobblestone_stairs":2,"minecraft:rabbit":1,"minecraft:glass_bottle":1,"minecraft:cartography_table":3,"minecraft:stonecutter":2,"minecraft:cobblestone_slab":6,"minecraft:terracotta":2,"minecraft:crafting_table":10,"minecraft:sculk_shrieker":1,"minecraft:white_bed":2,"minecraft:oak_log":5,"minecraft:piston":3,"minecraft:oxeye_daisy":3,"minecraft:iron_pickaxe":485,"minecraft:map":1,"minecraft:stone_axe":396,"minecraft:cobblestone":3938,"minecraft:porkchop":3,"minecraft:bucket":31,"minecraft:glass_pane":2,"minecraft:dandelion":4,"minecraft:diamond_leggings":1,"minecraft:gray_wool":23,"minecraft:candle":22},"minecraft:dropped":{"minecraft:porkchop":2,"minecraft:golden_pickaxe":1,"minecraft:bone_meal":2,"minecraft:bone":2,"minecraft:stone_axe":1,"minecraft:oak_planks":104,"minecraft:gunpowder":23,"minecraft:wheat_seeds":7,"minecraft:diamond_leggings":1,"minecraft:cobblestone":64,"minecraft:stick":1,"minecraft:lava_bucket":1,"minecraft:ink_sac":2,"minecraft:diamond_helmet":1,"minecraft:paper":23,"minecraft:moss_carpet":1,"minecraft:kelp":1,"minecraft:iron_boots":1,"minecraft:filled_map":1,"minecraft:hay_block":8,"minecraft:trial_key":1,"minecraft:diamond_chestplate":1,"minecraft:barrel":2,"minecraft:spider_eye":1,"minecraft:wooden_pickaxe":1},"minecraft:crafted":{"minecraft:oak_planks":252,"minecraft:cobblestone_slab":6,"minecraft:calibrated_sculk_sensor":1,"minecraft:cobblestone_stairs":4,"minecraft:cooked_mutton":2,"minecraft:glass":196,"minecraft:hopper":1,"minecraft:diamond_helmet":1,"minecraft:bow":2,"minecraft:diamond_leggings":1,"minecraft:iron_boots":2,"minecraft:chest":7,"minecraft:golden_boots":1,"minecraft:glass_bottle":3,"minecraft:emerald":26,"minecraft:arrow":256,"minecraft:cooked_porkchop":30,"minecraft:crafting_table":5,"minecraft:wooden_pickaxe":1,"minecraft:iron_helmet":1,"minecraft:moss_block":4,"minecraft:cartography_table":2,"minecraft:iron_chestplate":1,"minecraft:paper":549,"minecraft:shield":2,"minecraft:stick":92,"minecraft:iron_ingot":5,"minecraft:compass":1,"minecraft:iron_pickaxe":2,"minecraft:stone_sword":1,"minecraft:gold_ingot":13,"minecraft:shears":1,"minecraft:oak_door":3,"minecraft:coal":63,"minecraft:redstone":9,"minecraft:stone_shovel":6,"minecraft:iron_nugget":63,"minecraft:furnace":2,"minecraft:piston":3,"minecraft:bone_meal":18,"minecraft:white_carpet":27,"minecraft:glass_pane":272,"minecraft:flint_and_steel":1,"minecraft:lantern":8,"minecraft:iron_axe":4,"minecraft:stone_pickaxe":2,"minecraft:filled_map":1,"minecraft:observer":3,"minecraft:wheat":666,"minecraft:cooked_beef":13,"minecraft:dried_kelp":372,"minecraft:iron_sword":2,"minecraft:bucket":1,"minecraft:stone_axe":1,"minecraft:bread":225,"minecraft:air":0,"minecraft:jungle_planks":8,"minecraft:oak_boat":2,"minecraft:white_wool":8,"minecraft:iron_leggings":1,"minecraft:white_bed":1,"minecraft:torch":252,"minecraft:diamond_chestplate":1,"minecraft:firework_rocket":279},"minecraft:picked_up":{"minecraft:lead":2,"minecraft:oak_stairs":1,"minecraft:potion":6,"minecraft:enchanted_book":11,"minecraft:brewing_stand":1,"minecraft:golden_sword":2,"minecraft:string":36,"minecraft:soul_soil":17,"minecraft:iron_leggings":5,"minecraft:red_candle":8,"minecraft:experience_bottle":1,"minecraft:diamond_leggings":5,"minecraft:gold_nugget":248,"minecraft:cobbled_deepslate":213,"minecraft:bucket":28,"minecraft:trial_key":2,"minecraft:iron_pickaxe":4,"minecraft:coal_block":5,"minecraft:golden_helmet":1,"minecraft:stick":22,"minecraft:torch":107,"minecraft:acacia_log":1,"minecraft:porkchop":40,"minecraft:dried_kelp":9,"minecraft:waxed_copper_grate":2,"minecraft:diorite":7,"minecraft:rabbit_foot":1,"minecraft:stone_sword":2,"minecraft:rotten_flesh":96,"minecraft:armadillo_scute":1,"minecraft:obsidian":1,"minecraft:cod":7,"minecraft:cobblestone":1089,"minecraft:cooked_beef":2,"minecraft:andesite":6,"minecraft:water_bucket":2,"minecraft:jungle_log":4,"minecraft:golden_leggings":1,"minecraft:beacon":1,"minecraft:potato":38,"minecraft:flint":9,"minecraft:tuff":6,"minecraft:dirt":370,"minecraft:lantern":1,"minecraft:disc_fragment_5":1,"minecraft:name_tag":1,"minecraft:bone":30,"minecraft:stonecutter":4,"minecraft:bow":12,"minecraft:wheat_seeds":26,"minecraft:rabbit":1,"minecraft:bamboo":40,"minecraft:moss_block":2,"minecraft:oak_planks":140,"minecraft:oak_pressure_plate":2,"minecraft:sand":661,"minecraft:ink_sac":2,"minecraft:grass_block":1,"minecraft:barrel":3,"minecraft:dispenser":7,"minecraft:waxed_oxidized_copper_grate":1,"minecraft:breeze_rod":2,"minecraft:bone_meal":12,"minecraft:golden_apple":2,"minecraft:bread":200,"minecraft:music_disc_precipice":1,"minecraft:oak_sapling":21,"minecraft:netherrack":399,"minecraft:crafting_table":9,"minecraft:bee_nest":1,"minecraft:azure_bluet":2,"minecraft:ominous_bottle":1,"minecraft:clay_ball":16,"minecraft:golden_pickaxe":5,"minecraft:chain":20,"minecraft:brick":4,"minecraft:shield":7,"minecraft:wind_charge":3,"minecraft:cornflower":4,"minecraft:moss_carpet":1,"minecraft:oak_trapdoor":5,"minecraft:elytra":4,"minecraft:flint_and_steel":2,"minecraft:compass":2,"minecraft:candle":22,"minecraft:cartography_table":1,"minecraft:beef":61,"minecraft:echo_shard":2,"minecraft:oak_boat":11,"minecraft:chiseled_tuff":4,"minecraft:observer":1,"minecraft:light_gray_wool":2,"minecraft:poppy":6,"minecraft:guster_pottery_sherd":1,"minecraft:sugar_cane":672,"minecraft:chest":10,"minecraft:diamond_hoe":2,"minecraft:egg":2,"minecraft:raw_iron":23,"minecraft:oak_door":6,"minecraft:redstone":1,"minecraft:tnt":1,"minecraft:arrow":541,"minecraft:decorated_pot":4,"minecraft:hay_block":94,"minecraft:cracked_deepslate_bricks":3,"minecraft:tuff_bricks":8,"minecraft:glow_berries":19,"minecraft:mutton":20,"minecraft:white_wool":10,"minecraft:bone_block":34,"minecraft:oxeye_daisy":3,"minecraft:leather":32,"minecraft:filled_map":5,"minecraft:oak_log":68,"minecraft:gunpowder":133,"minecraft:cobblestone_stairs":1,"minecraft:sculk_vein":6,"minecraft:apple":16,"minecraft:kelp":402,"minecraft:rabbit_hide":1,"minecraft:iron_ingot":25,"minecraft:iron_sword":2,"minecraft:book":2,"minecraft:sculk_catalyst":6,"minecraft:pumpkin":1,"minecraft:sculk":19,"minecraft:quartz":4,"minecraft:dandelion":4,"minecraft:gravel":5,"minecraft:amethyst_shard":63,"minecraft:soul_torch":20,"minecraft:blast_furnace":2,"minecraft:white_bed":1,"minecraft:polished_tuff":4,"minecraft:spider_eye":18,"minecraft:firework_rocket":8,"minecraft:sculk_sensor":13,"minecraft:slime_ball":52,"minecraft:stone_axe":9,"minecraft:short_grass":3,"minecraft:iron_helmet":6,"minecraft:diamond_axe":1,"minecraft:gray_wool":71,"minecraft:oak_button":5,"minecraft:terracotta":4,"minecraft:baked_potato":2,"minecraft:brown_banner":10,"minecraft:hopper":1,"minecraft:chiseled_tuff_bricks":2,"minecraft:coal":61,"minecraft:ender_pearl":2},"minecraft:killed":{"minecraft:spider":36,"minecraft:cod":5,"minecraft:skeleton":25,"minecraft:silverfish":5,"minecraft:piglin":1,"minecraft:pig":20,"minecraft:zombie_villager":3,"minecraft:iron_golem":6,"minecraft:creeper":65,"minecraft:sheep":12,"minecraft:goat":4,"minecraft:zombie":85,"minecraft:cow":30,"minecraft:armadillo":1,"minecraft:slime":17,"minecraft:horse":1,"minecraft:drowned":2,"minecraft:warden":1,"minecraft:wandering_trader":1,"minecraft:squid":1,"minecraft:villager":1,"minecraft:enderman":1}},"DataVersion":3953}