{"stats":{"minecraft:broken":{"minecraft:stone_axe":1},"minecraft:mined":{"minecraft:nether_gold_ore":5,"minecraft:glass_pane":2,"minecraft:blackstone":44,"minecraft:soul_sand":7,"minecraft:kelp_plant":7,"minecraft:basalt":160,"minecraft:dandelion":2,"minecraft:oak_fence":1,"minecraft:crafting_table":3,"minecraft:torch":9,"minecraft:short_grass":25,"minecraft:grass_block":35,"minecraft:chest":1,"minecraft:nether_quartz_ore":29,"minecraft:copper_ore":1,"minecraft:tall_grass":12,"minecraft:cobblestone":1,"minecraft:kelp":5,"minecraft:seagrass":1,"minecraft:hay_block":1,"minecraft:tall_seagrass":1,"minecraft:birch_planks":1,"minecraft:birch_log":13,"minecraft:birch_leaves":3,"minecraft:yellow_bed":1,"minecraft:oak_log":16,"minecraft:coal_ore":92,"minecraft:dirt_path":2,"minecraft:oak_stairs":1,"minecraft:gravel":2,"minecraft:dirt":30,"minecraft:stone":206,"minecraft:netherrack":371,"minecraft:oak_leaves":82},"minecraft:killed_by":{"minecraft:skeleton":4,"minecraft:spider":1},"minecraft:used":{"minecraft:cobblestone_stairs":1,"minecraft:birch_planks":1,"minecraft:stone_pickaxe":24,"minecraft:chest":1,"minecraft:wooden_pickaxe":30,"minecraft:stone_hoe":76,"minecraft:netherrack":9,"minecraft:torch":17,"minecraft:dirt":59,"minecraft:crafting_table":6,"minecraft:bread":11,"minecraft:iron_axe":21,"minecraft:gravel":2,"minecraft:stone_axe":149,"minecraft:cobblestone":2,"minecraft:hay_block":1,"minecraft:cooked_porkchop":3,"minecraft:netherite_pickaxe":857,"minecraft:oak_boat":2,"minecraft:cooked_beef":7,"minecraft:dandelion":2},"minecraft:custom":{"minecraft:interact_with_furnace":30,"minecraft:mob_kills":39,"minecraft:interact_with_crafting_table":13,"minecraft:interact_with_grindstone":1,"minecraft:leave_game":1,"minecraft:time_since_death":7938,"minecraft:sleep_in_bed":1,"minecraft:time_since_rest":7965,"minecraft:sprint_one_cm":434342,"minecraft:damage_taken":2618,"minecraft:walk_one_cm":125798,"minecraft:damage_dealt":5560,"minecraft:swim_one_cm":50906,"minecraft:talked_to_villager":1,"minecraft:fly_one_cm":363162,"minecraft:open_chest":22,"minecraft:crouch_one_cm":50,"minecraft:play_time":115637,"minecraft:deaths":7,"minecraft:sneak_time":47,"minecraft:walk_under_water_one_cm":21318,"minecraft:boat_one_cm":101267,"minecraft:jump":2284,"minecraft:walk_on_water_one_cm":20540,"minecraft:total_world_time":115637,"minecraft:fall_one_cm":50311,"minecraft:horse_one_cm":1045},"minecraft:crafted":{"minecraft:cooked_beef":15,"minecraft:oak_planks":28,"minecraft:cooked_porkchop":23,"minecraft:crafting_table":4,"minecraft:wooden_pickaxe":1,"minecraft:cooked_chicken":6,"minecraft:cobblestone_stairs":4,"minecraft:birch_planks":52,"minecraft:stone_axe":2,"minecraft:air":0,"minecraft:bread":24,"minecraft:cooked_mutton":7,"minecraft:oak_boat":1,"minecraft:iron_axe":2,"minecraft:stick":36,"minecraft:stone_pickaxe":1,"minecraft:gold_ingot":3,"minecraft:torch":72,"minecraft:stone_hoe":1,"minecraft:shears":1,"minecraft:wheat":72},"minecraft:picked_up":{"minecraft:birch_log":26,"minecraft:crafting_table":4,"minecraft:cooked_beef":11,"minecraft:feather":12,"minecraft:basalt":155,"minecraft:chicken":13,"minecraft:leather":13,"minecraft:wooden_pickaxe":1,"minecraft:oak_stairs":1,"minecraft:birch_planks":37,"minecraft:oak_log":35,"minecraft:yellow_bed":1,"minecraft:dirt":73,"minecraft:iron_axe":2,"minecraft:cooked_mutton":4,"minecraft:bone":3,"minecraft:blackstone":43,"minecraft:kelp":70,"minecraft:wheat_seeds":7,"minecraft:gold_nugget":68,"minecraft:iron_ingot":17,"minecraft:beef":25,"minecraft:stone_pickaxe":2,"minecraft:cooked_chicken":6,"minecraft:oak_boat":3,"minecraft:poppy":2,"minecraft:chest":1,"minecraft:stone_hoe":1,"minecraft:oak_planks":4,"minecraft:soul_sand":7,"minecraft:egg":6,"minecraft:stick":18,"minecraft:cooked_porkchop":19,"minecraft:oak_fence":1,"minecraft:torch":202,"minecraft:quartz":69,"minecraft:dandelion":2,"minecraft:oak_pressure_plate":1,"minecraft:gravel":2,"minecraft:porkchop":46,"minecraft:netherite_pickaxe":1,"minecraft:arrow":3,"minecraft:stone_axe":3,"minecraft:shears":1,"minecraft:hay_block":9,"minecraft:gray_wool":1,"minecraft:bread":32,"minecraft:oak_sapling":10,"minecraft:netherrack":310,"minecraft:mutton":12,"minecraft:coal":243,"minecraft:white_wool":16,"minecraft:cobblestone":278},"minecraft:killed":{"minecraft:pig":12,"minecraft:spider":1,"minecraft:iron_golem":2,"minecraft:sheep":5,"minecraft:skeleton":2,"minecraft:chicken":7,"minecraft:cow":9}},"DataVersion":3953}