{"stats":{"minecraft:crafted":{"minecraft:oak_planks":360,"minecraft:cooked_chicken":10,"minecraft:birch_slab":12,"minecraft:cobblestone_stairs":4,"minecraft:bone_meal":76,"minecraft:bookshelf":1,"minecraft:cooked_mutton":10,"minecraft:diamond_helmet":1,"minecraft:diamond_leggings":1,"minecraft:iron_axe":2,"minecraft:stone_pickaxe":1,"minecraft:diamond_boots":1,"minecraft:stone_hoe":1,"minecraft:wheat":72,"minecraft:cooked_beef":17,"minecraft:emerald":27,"minecraft:cooked_porkchop":32,"minecraft:crafting_table":5,"minecraft:wooden_pickaxe":1,"minecraft:bowl":4,"minecraft:gold_block":10,"minecraft:birch_planks":224,"minecraft:bucket":1,"minecraft:stone_axe":2,"minecraft:bread":24,"minecraft:air":0,"minecraft:oak_boat":1,"minecraft:lectern":1,"minecraft:book":7,"minecraft:stick":952,"minecraft:wooden_axe":1,"minecraft:gold_ingot":94,"minecraft:white_bed":6,"minecraft:torch":215,"minecraft:shears":1,"minecraft:diamond_chestplate":1},"minecraft:broken":{"minecraft:iron_axe":1,"minecraft:stone_axe":2},"minecraft:mined":{"minecraft:nether_gold_ore":20,"minecraft:tuff":499,"minecraft:deepslate_diamond_ore":28,"minecraft:oak_door":2,"minecraft:grass_block":45,"minecraft:soul_soil":11,"minecraft:kelp":5,"minecraft:hay_block":1,"minecraft:tall_seagrass":1,"minecraft:magma_block":3,"minecraft:cobbled_deepslate":1,"minecraft:fire":39,"minecraft:fletching_table":4,"minecraft:deepslate_lapis_ore":4,"minecraft:gold_block":1,"minecraft:deepslate_iron_ore":23,"minecraft:dirt_path":2,"minecraft:oak_stairs":1,"minecraft:stone":212,"minecraft:bone_block":13,"minecraft:deepslate_redstone_ore":14,"minecraft:glass_pane":2,"minecraft:blackstone":44,"minecraft:soul_sand":8,"minecraft:kelp_plant":7,"minecraft:soul_fire":43,"minecraft:basalt":190,"minecraft:dandelion":2,"minecraft:oak_fence":1,"minecraft:crafting_table":4,"minecraft:torch":29,"minecraft:short_grass":27,"minecraft:beacon":4,"minecraft:chest":2,"minecraft:lectern":37,"minecraft:tall_grass":14,"minecraft:nether_quartz_ore":47,"minecraft:copper_ore":1,"minecraft:cobblestone":1,"minecraft:deepslate_gold_ore":27,"minecraft:wall_torch":4,"minecraft:seagrass":1,"minecraft:white_terracotta":1,"minecraft:birch_planks":2,"minecraft:birch_log":56,"minecraft:birch_leaves":6,"minecraft:yellow_bed":4,"minecraft:oak_log":101,"minecraft:coal_ore":92,"minecraft:gravel":50,"minecraft:dirt":35,"minecraft:stonecutter":1,"minecraft:netherrack":854,"minecraft:oak_leaves":118,"minecraft:deepslate":1621},"minecraft:dropped":{"minecraft:soul_sand":24,"minecraft:dirt":10,"minecraft:gold_ingot":1,"minecraft:gravel":218,"minecraft:kelp":61,"minecraft:soul_soil":17,"minecraft:cobbled_deepslate":1251,"minecraft:tuff":384,"minecraft:rotten_flesh":5,"minecraft:white_bed":1,"minecraft:gunpowder":2,"minecraft:yellow_bed":1,"minecraft:quartz":11,"minecraft:lectern":1,"minecraft:netherrack":462},"minecraft:custom":{"minecraft:mob_kills":59,"minecraft:interact_with_crafting_table":31,"minecraft:bell_ring":12,"minecraft:leave_game":1,"minecraft:time_since_death":179560,"minecraft:sprint_one_cm":931636,"minecraft:walk_one_cm":314319,"minecraft:drop":106,"minecraft:talked_to_villager":61,"minecraft:play_time":287259,"minecraft:deaths":7,"minecraft:sneak_time":626,"minecraft:walk_under_water_one_cm":149342,"minecraft:boat_one_cm":154285,"minecraft:jump":4437,"minecraft:walk_on_water_one_cm":30339,"minecraft:total_world_time":287259,"minecraft:interact_with_furnace":69,"minecraft:traded_with_villager":27,"minecraft:interact_with_grindstone":1,"minecraft:sleep_in_bed":6,"minecraft:time_since_rest":2548,"minecraft:damage_taken":3757,"minecraft:damage_dealt":8445,"minecraft:interact_with_beacon":13,"minecraft:swim_one_cm":83678,"minecraft:fly_one_cm":644269,"minecraft:player_kills":1,"minecraft:open_chest":61,"minecraft:crouch_one_cm":523,"minecraft:fall_one_cm":89207,"minecraft:horse_one_cm":1045},"minecraft:killed":{"minecraft:spider":1,"minecraft:skeleton":8,"minecraft:chicken":10,"minecraft:pig":15,"minecraft:salmon":1,"minecraft:iron_golem":3,"minecraft:sheep":6,"minecraft:zombie":3,"minecraft:ghast":1,"minecraft:cow":10},"minecraft:picked_up":{"minecraft:crafting_table":5,"minecraft:chicken":16,"minecraft:wooden_pickaxe":1,"minecraft:oak_stairs":1,"minecraft:gold_block":1,"minecraft:soul_soil":18,"minecraft:iron_axe":2,"minecraft:blackstone":43,"minecraft:cobbled_deepslate":1361,"minecraft:gold_nugget":189,"minecraft:beef":26,"minecraft:oak_boat":3,"minecraft:poppy":3,"minecraft:lectern":38,"minecraft:chest":2,"minecraft:birch_sapling":5,"minecraft:egg":6,"minecraft:stick":28,"minecraft:raw_iron":52,"minecraft:oak_door":2,"minecraft:oak_fence":1,"minecraft:torch":230,"minecraft:porkchop":51,"minecraft:redstone":82,"minecraft:netherite_pickaxe":1,"minecraft:rotten_flesh":5,"minecraft:arrow":8,"minecraft:shears":1,"minecraft:hay_block":9,"minecraft:gold_ingot":4,"minecraft:white_terracotta":1,"minecraft:mutton":14,"minecraft:cobblestone":286,"minecraft:bone_block":9,"minecraft:white_wool":27,"minecraft:birch_log":69,"minecraft:magma_block":2,"minecraft:basalt":173,"minecraft:feather":14,"minecraft:cooked_beef":11,"minecraft:leather":15,"minecraft:beacon":5,"minecraft:birch_planks":62,"minecraft:flint":23,"minecraft:tuff":384,"minecraft:oak_log":119,"minecraft:yellow_bed":5,"minecraft:gunpowder":2,"minecraft:lapis_lazuli":66,"minecraft:paper":23,"minecraft:dirt":83,"minecraft:cooked_mutton":4,"minecraft:bone":10,"minecraft:stonecutter":1,"minecraft:kelp":131,"minecraft:bow":1,"minecraft:wheat_seeds":7,"minecraft:stone_pickaxe":2,"minecraft:raw_gold":71,"minecraft:iron_ingot":21,"minecraft:cooked_chicken":6,"minecraft:fletching_table":4,"minecraft:soul_sand":24,"minecraft:stone_hoe":1,"minecraft:oak_planks":4,"minecraft:ghast_tear":1,"minecraft:cooked_porkchop":19,"minecraft:quartz":80,"minecraft:dandelion":2,"minecraft:oak_pressure_plate":1,"minecraft:gravel":170,"minecraft:white_bed":1,"minecraft:diamond":56,"minecraft:stone_axe":3,"minecraft:bone_meal":8,"minecraft:gray_wool":1,"minecraft:bread":32,"minecraft:oak_sapling":29,"minecraft:netherrack":749,"minecraft:coal":243},"minecraft:killed_by":{"minecraft:spider":1,"minecraft:skeleton":4},"minecraft:used":{"minecraft:chest":1,"minecraft:white_terracotta":1,"minecraft:stone_hoe":76,"minecraft:cooked_chicken":4,"minecraft:netherrack":30,"minecraft:torch":171,"minecraft:dirt":59,"minecraft:wooden_axe":9,"minecraft:iron_axe":236,"minecraft:birch_sapling":2,"minecraft:bow":1,"minecraft:hay_block":1,"minecraft:soul_soil":1,"minecraft:oak_sapling":19,"minecraft:netherite_pickaxe":3704,"minecraft:gold_block":10,"minecraft:cooked_beef":12,"minecraft:cobbled_deepslate":70,"minecraft:cooked_mutton":3,"minecraft:water_bucket":6,"minecraft:cobblestone_stairs":1,"minecraft:birch_planks":4,"minecraft:stone_pickaxe":24,"minecraft:wooden_pickaxe":30,"minecraft:beacon":5,"minecraft:fletching_table":4,"minecraft:mushroom_stew":3,"minecraft:crafting_table":9,"minecraft:white_bed":6,"minecraft:oak_log":1,"minecraft:bread":11,"minecraft:lectern":38,"minecraft:gravel":3,"minecraft:stone_axe":204,"minecraft:cobblestone":2,"minecraft:cooked_porkchop":14,"minecraft:bucket":8,"minecraft:yellow_bed":3,"minecraft:oak_boat":2,"minecraft:bone_meal":67,"minecraft:dandelion":2,"minecraft:diamond_leggings":1}},"DataVersion":3953}