{"stats":{"minecraft:broken":{"minecraft:iron_shovel":1,"minecraft:iron_leggings":1,"minecraft:stone_axe":2,"minecraft:wooden_axe":1,"minecraft:diamond_hoe":1,"minecraft:golden_hoe":1,"minecraft:stone_hoe":1,"minecraft:iron_axe":1},"minecraft:mined":{"minecraft:white_bed":2,"minecraft:oak_sapling":2,"minecraft:farmland":4,"minecraft:sculk_vein":454,"minecraft:cobblestone_stairs":27,"minecraft:obsidian":24,"minecraft:spruce_trapdoor":1,"minecraft:granite":56,"minecraft:grass_block":419,"minecraft:deepslate_tile_wall":2,"minecraft:deepslate_bricks":2,"minecraft:soul_soil":66,"minecraft:oxeye_daisy":1,"minecraft:nether_wart":19,"minecraft:smooth_stone":47,"minecraft:tall_seagrass":2,"minecraft:magma_block":16,"minecraft:sculk_catalyst":40,"minecraft:glowstone":27,"minecraft:iron_ore":40,"minecraft:sticky_piston":1,"minecraft:fire":77,"minecraft:cobbled_deepslate":4,"minecraft:target":1,"minecraft:deepslate_lapis_ore":13,"minecraft:fletching_table":5,"minecraft:sculk_shrieker":22,"minecraft:pointed_dripstone":31,"minecraft:oak_sign":1,"minecraft:dirt_path":39,"minecraft:oak_stairs":2,"minecraft:deepslate_redstone_ore":45,"minecraft:blackstone":46,"minecraft:kelp_plant":28,"minecraft:soul_fire":113,"minecraft:soul_lantern":1,"minecraft:torch":39,"minecraft:beacon":5,"minecraft:chest":11,"minecraft:nether_quartz_ore":47,"minecraft:cobblestone":41,"minecraft:grindstone":1,"minecraft:wall_torch":13,"minecraft:deepslate_copper_ore":1,"minecraft:skeleton_skull":2,"minecraft:white_terracotta":1,"minecraft:seagrass":3,"minecraft:repeater":7,"minecraft:red_candle":1,"minecraft:birch_log":56,"minecraft:wheat":295,"minecraft:oak_log":338,"minecraft:dirt":622,"minecraft:sand":230,"minecraft:red_mushroom_block":4,"minecraft:stonecutter":3,"minecraft:netherrack":1388,"minecraft:deepslate":1893,"minecraft:polished_deepslate_wall":2,"minecraft:oak_leaves":352,"minecraft:redstone_lamp":1,"minecraft:nether_gold_ore":43,"minecraft:tuff":507,"minecraft:deepslate_diamond_ore":56,"minecraft:oak_door":3,"minecraft:nether_bricks":81,"minecraft:crimson_roots":1,"minecraft:redstone_wire":5,"minecraft:kelp":6,"minecraft:hay_block":1,"minecraft:furnace":10,"minecraft:carrots":3,"minecraft:andesite":71,"minecraft:gold_block":10,"minecraft:nether_brick_fence":1,"minecraft:deepslate_iron_ore":57,"minecraft:stone":2513,"minecraft:bone_block":70,"minecraft:redstone_wall_torch":1,"minecraft:redstone_block":1,"minecraft:glass_pane":2,"minecraft:comparator":2,"minecraft:soul_sand":45,"minecraft:basalt":191,"minecraft:dandelion":3,"minecraft:oak_fence":1,"minecraft:crafting_table":4,"minecraft:cornflower":1,"minecraft:short_grass":88,"minecraft:sculk_sensor":146,"minecraft:lectern":135,"minecraft:copper_ore":11,"minecraft:tall_grass":29,"minecraft:deepslate_coal_ore":8,"minecraft:lapis_ore":10,"minecraft:deepslate_gold_ore":63,"minecraft:cracked_deepslate_bricks":3,"minecraft:sculk":5409,"minecraft:diorite":145,"minecraft:gray_wool":153,"minecraft:birch_planks":8,"minecraft:cobblestone_wall":2,"minecraft:redstone_torch":2,"minecraft:birch_leaves":8,"minecraft:yellow_bed":5,"minecraft:coal_ore":159,"minecraft:gravel":180,"minecraft:dripstone_block":7,"minecraft:gray_carpet":2,"minecraft:gold_ore":9},"minecraft:killed_by":{"minecraft:drowned":1,"minecraft:spider":1,"minecraft:warden":5,"minecraft:skeleton":4},"minecraft:custom":{"minecraft:interact_with_crafting_table":86,"minecraft:bell_ring":51,"minecraft:leave_game":29,"minecraft:time_since_death":517713,"minecraft:sprint_one_cm":5124793,"minecraft:damage_blocked_by_shield":760,"minecraft:drop":479,"minecraft:talked_to_villager":259,"minecraft:play_time":1593696,"minecraft:deaths":19,"minecraft:jump":18801,"minecraft:walk_on_water_one_cm":209457,"minecraft:enchant_item":30,"minecraft:interact_with_furnace":441,"minecraft:traded_with_villager":197,"minecraft:interact_with_cartography_table":1,"minecraft:sleep_in_bed":20,"minecraft:damage_dealt":68131,"minecraft:interact_with_beacon":14,"minecraft:player_kills":4,"minecraft:crouch_one_cm":262205,"minecraft:horse_one_cm":1055671,"minecraft:interact_with_anvil":22,"minecraft:mob_kills":496,"minecraft:climb_one_cm":25761,"minecraft:walk_one_cm":1558583,"minecraft:strider_one_cm":15283,"minecraft:sneak_time":95667,"minecraft:walk_under_water_one_cm":586462,"minecraft:boat_one_cm":252004,"minecraft:interact_with_blast_furnace":6,"minecraft:total_world_time":1593696,"minecraft:interact_with_stonecutter":7,"minecraft:interact_with_grindstone":16,"minecraft:time_since_rest":49928,"minecraft:damage_taken":17528,"minecraft:damage_absorbed":265,"minecraft:swim_one_cm":917045,"minecraft:fly_one_cm":2671539,"minecraft:open_chest":577,"minecraft:fall_one_cm":451240},"minecraft:used":{"minecraft:iron_shovel":253,"minecraft:oak_sign":1,"minecraft:ladder":4,"minecraft:diamond_hoe":5828,"minecraft:chest":19,"minecraft:shield":31,"minecraft:white_terracotta":1,"minecraft:stone":1,"minecraft:rotten_flesh":26,"minecraft:soul_sand":27,"minecraft:mutton":2,"minecraft:nether_bricks":44,"minecraft:carrot":12,"minecraft:tuff":1,"minecraft:obsidian":17,"minecraft:lava_bucket":23,"minecraft:birch_sapling":2,"minecraft:crimson_roots":1,"minecraft:bow":491,"minecraft:hay_block":1,"minecraft:oak_sapling":75,"minecraft:furnace":26,"minecraft:gold_block":10,"minecraft:skeleton_skull":2,"minecraft:egg":6,"minecraft:diamond_boots":1,"minecraft:stone_pickaxe":24,"minecraft:oak_planks":3,"minecraft:blackstone":24,"minecraft:wooden_pickaxe":30,"minecraft:diamond_axe":1286,"minecraft:golden_apple":8,"minecraft:golden_hoe":32,"minecraft:sand":1,"minecraft:mushroom_stew":12,"minecraft:crossbow":2,"minecraft:shears":114,"minecraft:bread":242,"minecraft:lectern":135,"minecraft:gravel":4,"minecraft:grindstone":1,"minecraft:oak_boat":4,"minecraft:bone_meal":470,"minecraft:oak_fence":1,"minecraft:enchanting_table":1,"minecraft:flint_and_steel":43,"minecraft:trial_key":4,"minecraft:cooked_chicken":15,"minecraft:stone_hoe":156,"minecraft:netherrack":372,"minecraft:oak_door":1,"minecraft:torch":715,"minecraft:dirt":741,"minecraft:anvil":1,"minecraft:cobblestone_wall":21,"minecraft:diamond_helmet":1,"minecraft:iron_hoe":309,"minecraft:wooden_axe":58,"minecraft:bookshelf":3,"minecraft:iron_axe":236,"minecraft:diamond_chestplate":1,"minecraft:soul_soil":22,"minecraft:netherite_pickaxe":6394,"minecraft:cooked_beef":18,"minecraft:cobbled_deepslate":79,"minecraft:wheat_seeds":443,"minecraft:cooked_mutton":16,"minecraft:water_bucket":38,"minecraft:cobblestone_stairs":84,"minecraft:birch_planks":11,"minecraft:beacon":5,"minecraft:fletching_table":5,"minecraft:stonecutter":3,"minecraft:deepslate_bricks":1,"minecraft:crafting_table":12,"minecraft:white_bed":8,"minecraft:oak_log":9,"minecraft:cornflower":1,"minecraft:diamond_pickaxe":1796,"minecraft:apple":1,"minecraft:diamond_shovel":987,"minecraft:spruce_trapdoor":1,"minecraft:stone_axe":303,"minecraft:cobblestone":66,"minecraft:cooked_porkchop":28,"minecraft:bucket":93,"minecraft:yellow_bed":5,"minecraft:dandelion":2,"minecraft:gray_wool":98,"minecraft:diamond_leggings":1,"minecraft:smooth_stone":1084,"minecraft:soul_torch":8},"minecraft:crafted":{"minecraft:smooth_stone":1337,"minecraft:oak_planks":1268,"minecraft:oak_sign":3,"minecraft:cooked_chicken":30,"minecraft:birch_slab":12,"minecraft:stone":1756,"minecraft:cobblestone_stairs":5,"minecraft:diamond_shovel":1,"minecraft:bookshelf":4,"minecraft:cooked_mutton":29,"minecraft:glass":159,"minecraft:diamond_helmet":4,"minecraft:bow":4,"minecraft:diamond_leggings":1,"minecraft:chest":10,"minecraft:stone_hoe":1,"minecraft:oak_slab":12,"minecraft:arrow":480,"minecraft:emerald":133,"minecraft:cooked_porkchop":46,"minecraft:diamond_axe":4,"minecraft:crafting_table":8,"minecraft:wooden_pickaxe":1,"minecraft:fletching_table":1,"minecraft:gold_block":10,"minecraft:hay_block":20,"minecraft:birch_planks":224,"minecraft:lectern":1,"minecraft:book":7,"minecraft:diamond_pickaxe":1,"minecraft:stick":2501,"minecraft:iron_ingot":135,"minecraft:compass":1,"minecraft:iron_block":3,"minecraft:gold_ingot":161,"minecraft:composter":1,"minecraft:shears":2,"minecraft:coal":126,"minecraft:furnace":17,"minecraft:bone_meal":630,"minecraft:glass_pane":416,"minecraft:flint_and_steel":1,"minecraft:diamond":36,"minecraft:iron_axe":2,"minecraft:ladder":6,"minecraft:iron_hoe":1,"minecraft:stone_pickaxe":1,"minecraft:diamond_boots":4,"minecraft:filled_map":1,"minecraft:wheat":189,"minecraft:cooked_beef":23,"minecraft:enchanting_table":1,"minecraft:bowl":4,"minecraft:bucket":22,"minecraft:stone_axe":7,"minecraft:enchanted_book":1,"minecraft:air":0,"minecraft:bread":268,"minecraft:oak_boat":1,"minecraft:golden_apple":8,"minecraft:wooden_axe":1,"minecraft:iron_shovel":1,"minecraft:anvil":1,"minecraft:white_bed":6,"minecraft:torch":987,"minecraft:diamond_chestplate":4},"minecraft:dropped":{"minecraft:iron_sword":1,"minecraft:soul_sand":30,"minecraft:diamond_axe":1,"minecraft:oak_pressure_plate":1,"minecraft:oak_log":1,"minecraft:deepslate_tile_wall":2,"minecraft:leather":17,"minecraft:flint":10,"minecraft:music_disc_13":2,"minecraft:cobblestone_stairs":459,"minecraft:dirt":185,"minecraft:redstone_lamp":1,"minecraft:amethyst_shard":16,"minecraft:iron_pickaxe":1,"minecraft:gold_ingot":1,"minecraft:gravel":304,"minecraft:stone_axe":1,"minecraft:cobbled_deepslate":1626,"minecraft:obsidian":2,"minecraft:soul_lantern":1,"minecraft:pointed_dripstone":42,"minecraft:rotten_flesh":13,"minecraft:oak_planks":11,"minecraft:diamond_shovel":1,"minecraft:nether_brick_fence":1,"minecraft:white_bed":1,"minecraft:poppy":12,"minecraft:gunpowder":6,"minecraft:red_candle":4,"minecraft:ladder":2,"minecraft:basalt":173,"minecraft:arrow":136,"minecraft:glass":4,"minecraft:quartz":11,"minecraft:netherrack":763,"minecraft:lectern":1,"minecraft:egg":2,"minecraft:water_bucket":1,"minecraft:stone_hoe":1,"minecraft:bread":90,"minecraft:netherite_pickaxe":3,"minecraft:wheat_seeds":18,"minecraft:iron_helmet":1,"minecraft:oak_fence":1,"minecraft:feather":31,"minecraft:cobblestone":557,"minecraft:lead":4,"minecraft:coal":3,"minecraft:mushroom_stew":1,"minecraft:golden_apple":2,"minecraft:stick":25,"minecraft:gray_wool":47,"minecraft:diorite":64,"minecraft:ink_sac":2,"minecraft:torch":131,"minecraft:sculk_catalyst":6,"minecraft:iron_leggings":1,"minecraft:dried_kelp":1,"minecraft:oak_stairs":15,"minecraft:smooth_stone":302,"minecraft:string":7,"minecraft:polished_deepslate_wall":2,"minecraft:bucket":29,"minecraft:music_disc_cat":1,"minecraft:gray_carpet":1,"minecraft:dandelion":2,"minecraft:kelp":61,"minecraft:soul_soil":65,"minecraft:soul_torch":20,"minecraft:cobblestone_wall":132,"minecraft:bowl":4,"minecraft:tuff":391,"minecraft:glass_pane":59,"minecraft:stone":482,"minecraft:shield":1,"minecraft:diamond_pickaxe":3,"minecraft:andesite":13,"minecraft:yellow_bed":1,"minecraft:oak_sapling":10,"minecraft:golden_sword":2,"minecraft:slime_ball":13,"minecraft:bow":2,"minecraft:cracked_deepslate_bricks":3,"minecraft:magma_block":9},"minecraft:picked_up":{"minecraft:iron_chestplate":1,"minecraft:wheat":295,"minecraft:redstone_block":2,"minecraft:nether_brick_fence":1,"minecraft:lead":4,"minecraft:oak_stairs":16,"minecraft:potion":11,"minecraft:enchanted_book":8,"minecraft:golden_sword":3,"minecraft:polished_deepslate_wall":2,"minecraft:music_disc_cat":2,"minecraft:string":17,"minecraft:soul_soil":141,"minecraft:raw_copper":64,"minecraft:iron_leggings":4,"minecraft:sticky_piston":2,"minecraft:red_candle":4,"minecraft:experience_bottle":6,"minecraft:oak_sign":3,"minecraft:diamond_leggings":3,"minecraft:smooth_stone":281,"minecraft:gold_nugget":347,"minecraft:cobbled_deepslate":1884,"minecraft:comparator":2,"minecraft:bucket":2,"minecraft:trial_key":5,"minecraft:iron_pickaxe":2,"minecraft:deepslate_tile_wall":6,"minecraft:coal_block":29,"minecraft:furnace":10,"minecraft:stick":227,"minecraft:oak_fence":3,"minecraft:torch":1058,"minecraft:porkchop":81,"minecraft:dried_kelp":9,"minecraft:target":2,"minecraft:pointed_dripstone":42,"minecraft:diorite":262,"minecraft:stone_sword":2,"minecraft:honey_bottle":4,"minecraft:rotten_flesh":157,"minecraft:white_terracotta":1,"minecraft:blaze_rod":27,"minecraft:obsidian":23,"minecraft:cod":1,"minecraft:cobblestone":3145,"minecraft:birch_log":69,"minecraft:magma_block":18,"minecraft:magma_cream":1,"minecraft:feather":69,"minecraft:cooked_beef":14,"minecraft:repeater":12,"minecraft:birch_slab":8,"minecraft:water_bucket":4,"minecraft:andesite":89,"minecraft:beacon":7,"minecraft:flint":142,"minecraft:tuff":394,"minecraft:lapis_lazuli":393,"minecraft:dirt":1302,"minecraft:disc_fragment_5":1,"minecraft:name_tag":5,"minecraft:glass":71,"minecraft:bone":131,"minecraft:bow":19,"minecraft:stonecutter":3,"minecraft:wheat_seeds":820,"minecraft:raw_gold":160,"minecraft:grindstone":1,"minecraft:fletching_table":5,"minecraft:diamond_helmet":7,"minecraft:glowstone_dust":109,"minecraft:stone_hoe":2,"minecraft:oak_planks":94,"minecraft:ghast_tear":4,"minecraft:cooked_porkchop":19,"minecraft:music_disc_13":3,"minecraft:oak_pressure_plate":2,"minecraft:sand":235,"minecraft:ink_sac":4,"minecraft:grass_block":2,"minecraft:iron_hoe":1,"minecraft:diamond":109,"minecraft:soul_lantern":4,"minecraft:granite":60,"minecraft:crossbow":1,"minecraft:breeze_rod":10,"minecraft:bone_meal":9,"minecraft:golden_apple":15,"minecraft:emerald":10,"minecraft:golden_horse_armor":2,"minecraft:bread":313,"minecraft:oak_sapling":120,"minecraft:netherrack":1379,"minecraft:crimson_roots":1,"minecraft:diamond_pickaxe":8,"minecraft:crafting_table":5,"minecraft:ominous_bottle":1,"minecraft:ladder":2,"minecraft:chicken":48,"minecraft:nether_wart":42,"minecraft:redstone_lamp":1,"minecraft:wooden_pickaxe":2,"minecraft:pink_wool":1,"minecraft:gold_block":10,"minecraft:shield":6,"minecraft:cornflower":1,"minecraft:elytra":1,"minecraft:iron_axe":2,"minecraft:blackstone":45,"minecraft:glass_pane":109,"minecraft:beef":67,"minecraft:echo_shard":12,"minecraft:oak_boat":4,"minecraft:poppy":17,"minecraft:lectern":137,"minecraft:chest":11,"minecraft:birch_sapling":8,"minecraft:spruce_trapdoor":1,"minecraft:diamond_hoe":1,"minecraft:egg":15,"minecraft:raw_iron":209,"minecraft:stone":128,"minecraft:oak_door":5,"minecraft:copper_ingot":2,"minecraft:bowl":4,"minecraft:carrot":37,"minecraft:redstone":394,"minecraft:netherite_pickaxe":6,"minecraft:arrow":598,"minecraft:diamond_chestplate":9,"minecraft:nether_bricks":69,"minecraft:shears":4,"minecraft:deepslate_bricks":1,"minecraft:diamond_boots":7,"minecraft:hay_block":9,"minecraft:cracked_deepslate_bricks":6,"minecraft:saddle":2,"minecraft:ward_armor_trim_smithing_template":1,"minecraft:gold_ingot":4,"minecraft:mutton":40,"minecraft:bone_block":66,"minecraft:skeleton_skull":5,"minecraft:white_wool":43,"minecraft:basalt":346,"minecraft:salmon":2,"minecraft:leather":56,"minecraft:red_mushroom":2,"minecraft:filled_map":2,"minecraft:birch_planks":68,"minecraft:mushroom_stew":1,"minecraft:oak_log":378,"minecraft:cobblestone_wall":89,"minecraft:golden_boots":1,"minecraft:yellow_bed":6,"minecraft:gunpowder":23,"minecraft:cobblestone_stairs":30,"minecraft:paper":25,"minecraft:cooked_mutton":9,"minecraft:apple":8,"minecraft:gray_carpet":2,"minecraft:kelp":136,"minecraft:iron_ingot":58,"minecraft:stone_pickaxe":2,"minecraft:cooked_chicken":12,"minecraft:iron_sword":2,"minecraft:soul_sand":61,"minecraft:book":53,"minecraft:sculk_catalyst":6,"minecraft:quartz":80,"minecraft:dandelion":5,"minecraft:gravel":278,"minecraft:amethyst_shard":16,"minecraft:soul_torch":25,"minecraft:white_bed":3,"minecraft:spider_eye":12,"minecraft:firework_rocket":31,"minecraft:diamond_shovel":2,"minecraft:slime_ball":13,"minecraft:stone_axe":13,"minecraft:iron_helmet":1,"minecraft:diamond_axe":7,"minecraft:gray_wool":246,"minecraft:black_wool":1,"minecraft:coal":444},"minecraft:killed":{"minecraft:zombified_piglin":23,"minecraft:witch":1,"minecraft:spider":14,"minecraft:cod":1,"minecraft:skeleton":98,"minecraft:chicken":33,"minecraft:silverfish":18,"minecraft:magma_cube":26,"minecraft:piglin":3,"minecraft:pig":25,"minecraft:salmon":1,"minecraft:iron_golem":13,"minecraft:strider":1,"minecraft:creeper":9,"minecraft:sheep":22,"minecraft:zombie":81,"minecraft:ghast":2,"minecraft:cow":25,"minecraft:blaze":53,"minecraft:phantom":1,"minecraft:horse":3,"minecraft:drowned":14,"minecraft:warden":1,"minecraft:bat":1,"minecraft:squid":1,"minecraft:breeze":6,"minecraft:wither_skeleton":5,"minecraft:enderman":1}},"DataVersion":3953}