{"stats":{"minecraft:broken":{"minecraft:iron_axe":1,"minecraft:stone_axe":2,"minecraft:wooden_axe":1},"minecraft:mined":{"minecraft:nether_gold_ore":20,"minecraft:tuff":499,"minecraft:deepslate_diamond_ore":28,"minecraft:oak_door":2,"minecraft:grass_block":46,"minecraft:soul_soil":11,"minecraft:kelp":5,"minecraft:hay_block":1,"minecraft:tall_seagrass":2,"minecraft:magma_block":13,"minecraft:iron_ore":2,"minecraft:cobbled_deepslate":1,"minecraft:fire":39,"minecraft:fletching_table":4,"minecraft:deepslate_lapis_ore":4,"minecraft:gold_block":1,"minecraft:dirt_path":2,"minecraft:deepslate_iron_ore":23,"minecraft:oak_stairs":1,"minecraft:stone":584,"minecraft:bone_block":13,"minecraft:deepslate_redstone_ore":14,"minecraft:glass_pane":2,"minecraft:blackstone":44,"minecraft:soul_sand":8,"minecraft:kelp_plant":7,"minecraft:soul_fire":43,"minecraft:basalt":190,"minecraft:dandelion":2,"minecraft:oak_fence":1,"minecraft:crafting_table":4,"minecraft:torch":29,"minecraft:short_grass":32,"minecraft:beacon":4,"minecraft:chest":2,"minecraft:nether_quartz_ore":47,"minecraft:lectern":65,"minecraft:copper_ore":1,"minecraft:tall_grass":15,"minecraft:cobblestone":2,"minecraft:deepslate_gold_ore":27,"minecraft:wall_torch":5,"minecraft:seagrass":1,"minecraft:white_terracotta":1,"minecraft:birch_planks":8,"minecraft:birch_log":56,"minecraft:birch_leaves":6,"minecraft:yellow_bed":4,"minecraft:oak_log":110,"minecraft:coal_ore":116,"minecraft:gravel":105,"minecraft:dirt":35,"minecraft:stonecutter":2,"minecraft:netherrack":854,"minecraft:oak_leaves":125,"minecraft:deepslate":1621},"minecraft:killed_by":{"minecraft:spider":1,"minecraft:skeleton":4},"minecraft:used":{"minecraft:chest":2,"minecraft:white_terracotta":1,"minecraft:stone_hoe":76,"minecraft:cooked_chicken":5,"minecraft:netherrack":30,"minecraft:torch":176,"minecraft:dirt":60,"minecraft:mutton":2,"minecraft:wooden_axe":58,"minecraft:iron_axe":236,"minecraft:birch_sapling":2,"minecraft:bow":2,"minecraft:hay_block":1,"minecraft:soul_soil":1,"minecraft:oak_sapling":19,"minecraft:netherite_pickaxe":4169,"minecraft:gold_block":10,"minecraft:cooked_beef":12,"minecraft:cobbled_deepslate":70,"minecraft:cooked_mutton":3,"minecraft:water_bucket":8,"minecraft:cobblestone_stairs":1,"minecraft:birch_planks":11,"minecraft:stone_pickaxe":24,"minecraft:wooden_pickaxe":30,"minecraft:stonecutter":1,"minecraft:beacon":5,"minecraft:fletching_table":4,"minecraft:mushroom_stew":7,"minecraft:crafting_table":9,"minecraft:white_bed":6,"minecraft:oak_log":1,"minecraft:bread":11,"minecraft:lectern":65,"minecraft:gravel":4,"minecraft:stone_axe":248,"minecraft:cobblestone":4,"minecraft:cooked_porkchop":14,"minecraft:bucket":11,"minecraft:yellow_bed":3,"minecraft:dandelion":2,"minecraft:oak_boat":2,"minecraft:diamond_leggings":1,"minecraft:bone_meal":67},"minecraft:custom":{"minecraft:mob_kills":80,"minecraft:interact_with_crafting_table":32,"minecraft:bell_ring":12,"minecraft:leave_game":3,"minecraft:time_since_death":12154,"minecraft:sprint_one_cm":1020197,"minecraft:walk_one_cm":419816,"minecraft:drop":108,"minecraft:talked_to_villager":92,"minecraft:play_time":340386,"minecraft:sneak_time":844,"minecraft:deaths":8,"minecraft:walk_under_water_one_cm":159620,"minecraft:boat_one_cm":154285,"minecraft:jump":5137,"minecraft:walk_on_water_one_cm":42251,"minecraft:total_world_time":340386,"minecraft:interact_with_furnace":78,"minecraft:traded_with_villager":27,"minecraft:interact_with_grindstone":1,"minecraft:sleep_in_bed":8,"minecraft:time_since_rest":11854,"minecraft:damage_taken":4437,"minecraft:damage_dealt":10414,"minecraft:interact_with_beacon":13,"minecraft:swim_one_cm":118231,"minecraft:fly_one_cm":712260,"minecraft:player_kills":1,"minecraft:open_chest":81,"minecraft:crouch_one_cm":726,"minecraft:fall_one_cm":110792,"minecraft:horse_one_cm":1045},"minecraft:crafted":{"minecraft:oak_planks":360,"minecraft:cooked_chicken":16,"minecraft:birch_slab":12,"minecraft:cobblestone_stairs":4,"minecraft:bone_meal":94,"minecraft:bookshelf":1,"minecraft:cooked_mutton":15,"minecraft:diamond_helmet":1,"minecraft:diamond_leggings":1,"minecraft:iron_axe":2,"minecraft:stone_pickaxe":1,"minecraft:diamond_boots":1,"minecraft:stone_hoe":1,"minecraft:wheat":72,"minecraft:cooked_beef":17,"minecraft:emerald":27,"minecraft:cooked_porkchop":32,"minecraft:crafting_table":5,"minecraft:wooden_pickaxe":1,"minecraft:bowl":4,"minecraft:gold_block":10,"minecraft:bucket":1,"minecraft:birch_planks":224,"minecraft:stone_axe":7,"minecraft:air":0,"minecraft:bread":24,"minecraft:oak_boat":1,"minecraft:lectern":1,"minecraft:book":7,"minecraft:stick":952,"minecraft:wooden_axe":1,"minecraft:gold_ingot":94,"minecraft:white_bed":6,"minecraft:torch":215,"minecraft:shears":1,"minecraft:diamond_chestplate":1},"minecraft:dropped":{"minecraft:soul_sand":24,"minecraft:wheat_seeds":1,"minecraft:oak_log":1,"minecraft:dirt":10,"minecraft:gold_ingot":1,"minecraft:gravel":218,"minecraft:kelp":61,"minecraft:soul_soil":17,"minecraft:cobbled_deepslate":1251,"minecraft:tuff":384,"minecraft:rotten_flesh":5,"minecraft:white_bed":1,"minecraft:gunpowder":2,"minecraft:yellow_bed":1,"minecraft:quartz":11,"minecraft:netherrack":462,"minecraft:lectern":1},"minecraft:picked_up":{"minecraft:crafting_table":5,"minecraft:chicken":28,"minecraft:wooden_pickaxe":1,"minecraft:oak_stairs":1,"minecraft:gold_block":1,"minecraft:soul_soil":18,"minecraft:iron_axe":2,"minecraft:blackstone":43,"minecraft:diamond_leggings":1,"minecraft:cobbled_deepslate":1361,"minecraft:gold_nugget":189,"minecraft:beef":30,"minecraft:oak_boat":3,"minecraft:poppy":3,"minecraft:lectern":66,"minecraft:chest":2,"minecraft:birch_sapling":5,"minecraft:egg":8,"minecraft:stick":51,"minecraft:raw_iron":60,"minecraft:oak_door":2,"minecraft:oak_fence":1,"minecraft:torch":301,"minecraft:porkchop":67,"minecraft:redstone":82,"minecraft:netherite_pickaxe":1,"minecraft:rotten_flesh":5,"minecraft:arrow":13,"minecraft:diamond_chestplate":1,"minecraft:shears":1,"minecraft:diamond_boots":1,"minecraft:hay_block":9,"minecraft:gold_ingot":4,"minecraft:white_terracotta":1,"minecraft:mutton":26,"minecraft:bone_block":9,"minecraft:white_wool":39,"minecraft:cobblestone":687,"minecraft:birch_log":69,"minecraft:magma_block":9,"minecraft:cooked_beef":11,"minecraft:feather":26,"minecraft:basalt":173,"minecraft:water_bucket":1,"minecraft:leather":19,"minecraft:beacon":5,"minecraft:birch_planks":68,"minecraft:flint":73,"minecraft:tuff":384,"minecraft:oak_log":136,"minecraft:yellow_bed":5,"minecraft:gunpowder":2,"minecraft:lapis_lazuli":66,"minecraft:paper":23,"minecraft:dirt":84,"minecraft:cooked_mutton":4,"minecraft:bone":10,"minecraft:stonecutter":2,"minecraft:kelp":131,"minecraft:bow":2,"minecraft:wheat_seeds":10,"minecraft:raw_gold":71,"minecraft:iron_ingot":21,"minecraft:stone_pickaxe":2,"minecraft:cooked_chicken":6,"minecraft:fletching_table":4,"minecraft:diamond_helmet":1,"minecraft:stone_hoe":1,"minecraft:oak_planks":4,"minecraft:soul_sand":24,"minecraft:ghast_tear":1,"minecraft:cooked_porkchop":19,"minecraft:quartz":80,"minecraft:dandelion":2,"minecraft:oak_pressure_plate":1,"minecraft:gravel":171,"minecraft:ink_sac":2,"minecraft:white_bed":1,"minecraft:diamond":56,"minecraft:stone_axe":8,"minecraft:bone_meal":8,"minecraft:gray_wool":1,"minecraft:bread":32,"minecraft:oak_sapling":29,"minecraft:netherrack":749,"minecraft:coal":295},"minecraft:killed":{"minecraft:spider":1,"minecraft:skeleton":8,"minecraft:chicken":16,"minecraft:drowned":3,"minecraft:pig":18,"minecraft:salmon":1,"minecraft:iron_golem":3,"minecraft:squid":1,"minecraft:sheep":12,"minecraft:zombie":3,"minecraft:ghast":1,"minecraft:cow":12}},"DataVersion":3953}