{"stats":{"minecraft:broken":{"minecraft:stone_axe":2,"minecraft:wooden_axe":1,"minecraft:stone_hoe":1,"minecraft:iron_axe":1},"minecraft:mined":{"minecraft:white_bed":1,"minecraft:farmland":4,"minecraft:sculk_vein":6,"minecraft:obsidian":15,"minecraft:granite":56,"minecraft:deepslate_tile_wall":1,"minecraft:grass_block":126,"minecraft:soul_soil":65,"minecraft:deepslate_bricks":1,"minecraft:oxeye_daisy":1,"minecraft:tall_seagrass":2,"minecraft:magma_block":16,"minecraft:sculk_catalyst":5,"minecraft:glowstone":27,"minecraft:cobbled_deepslate":2,"minecraft:iron_ore":36,"minecraft:fire":41,"minecraft:fletching_table":4,"minecraft:deepslate_lapis_ore":12,"minecraft:sculk_shrieker":13,"minecraft:pointed_dripstone":31,"minecraft:dirt_path":2,"minecraft:oak_stairs":2,"minecraft:deepslate_redstone_ore":29,"minecraft:blackstone":44,"minecraft:kelp_plant":7,"minecraft:soul_fire":107,"minecraft:torch":32,"minecraft:beacon":4,"minecraft:chest":3,"minecraft:nether_quartz_ore":47,"minecraft:cobblestone":3,"minecraft:wall_torch":6,"minecraft:deepslate_copper_ore":1,"minecraft:seagrass":3,"minecraft:white_terracotta":1,"minecraft:birch_log":56,"minecraft:wheat":182,"minecraft:oak_log":131,"minecraft:dirt":147,"minecraft:stonecutter":3,"minecraft:netherrack":1146,"minecraft:oak_leaves":207,"minecraft:deepslate":1851,"minecraft:nether_gold_ore":40,"minecraft:tuff":506,"minecraft:deepslate_diamond_ore":42,"minecraft:oak_door":3,"minecraft:crimson_roots":1,"minecraft:kelp":5,"minecraft:hay_block":1,"minecraft:andesite":58,"minecraft:gold_block":1,"minecraft:deepslate_iron_ore":57,"minecraft:stone":1391,"minecraft:bone_block":70,"minecraft:glass_pane":2,"minecraft:soul_sand":18,"minecraft:basalt":190,"minecraft:dandelion":3,"minecraft:crafting_table":4,"minecraft:oak_fence":1,"minecraft:short_grass":41,"minecraft:sculk_sensor":20,"minecraft:lectern":66,"minecraft:tall_grass":16,"minecraft:copper_ore":6,"minecraft:deepslate_coal_ore":8,"minecraft:lapis_ore":8,"minecraft:deepslate_gold_ore":58,"minecraft:sculk":94,"minecraft:diorite":145,"minecraft:gray_wool":121,"minecraft:birch_planks":8,"minecraft:birch_leaves":6,"minecraft:yellow_bed":4,"minecraft:coal_ore":154,"minecraft:gravel":133,"minecraft:dripstone_block":7,"minecraft:gray_carpet":2,"minecraft:gold_ore":9},"minecraft:killed_by":{"minecraft:spider":1,"minecraft:warden":3,"minecraft:skeleton":4},"minecraft:custom":{"minecraft:interact_with_crafting_table":47,"minecraft:bell_ring":12,"minecraft:leave_game":5,"minecraft:time_since_death":173524,"minecraft:sprint_one_cm":1942092,"minecraft:drop":210,"minecraft:talked_to_villager":124,"minecraft:play_time":714106,"minecraft:deaths":16,"minecraft:jump":9226,"minecraft:walk_on_water_one_cm":100718,"minecraft:interact_with_furnace":133,"minecraft:traded_with_villager":69,"minecraft:sleep_in_bed":10,"minecraft:damage_dealt":18876,"minecraft:interact_with_beacon":13,"minecraft:player_kills":1,"minecraft:crouch_one_cm":108001,"minecraft:horse_one_cm":28500,"minecraft:interact_with_anvil":1,"minecraft:mob_kills":131,"minecraft:climb_one_cm":554,"minecraft:walk_one_cm":817216,"minecraft:strider_one_cm":15283,"minecraft:sneak_time":40086,"minecraft:walk_under_water_one_cm":410176,"minecraft:boat_one_cm":154285,"minecraft:total_world_time":714106,"minecraft:interact_with_grindstone":2,"minecraft:interact_with_stonecutter":5,"minecraft:time_since_rest":97964,"minecraft:damage_taken":9400,"minecraft:swim_one_cm":370373,"minecraft:fly_one_cm":1234550,"minecraft:open_chest":184,"minecraft:fall_one_cm":226893},"minecraft:used":{"minecraft:iron_shovel":181,"minecraft:oak_sign":1,"minecraft:chest":3,"minecraft:white_terracotta":1,"minecraft:rotten_flesh":11,"minecraft:soul_sand":2,"minecraft:mutton":2,"minecraft:tuff":1,"minecraft:lava_bucket":4,"minecraft:birch_sapling":2,"minecraft:crimson_roots":1,"minecraft:bow":40,"minecraft:hay_block":1,"minecraft:oak_sapling":28,"minecraft:gold_block":10,"minecraft:egg":4,"minecraft:diamond_boots":1,"minecraft:stone_pickaxe":24,"minecraft:oak_planks":3,"minecraft:wooden_pickaxe":30,"minecraft:diamond_axe":179,"minecraft:mushroom_stew":12,"minecraft:shears":114,"minecraft:bread":67,"minecraft:lectern":67,"minecraft:gravel":4,"minecraft:oak_boat":2,"minecraft:bone_meal":470,"minecraft:netherrack":165,"minecraft:stone_hoe":156,"minecraft:cooked_chicken":10,"minecraft:oak_door":1,"minecraft:torch":430,"minecraft:dirt":249,"minecraft:anvil":1,"minecraft:diamond_helmet":1,"minecraft:iron_hoe":309,"minecraft:wooden_axe":58,"minecraft:iron_axe":236,"minecraft:diamond_chestplate":1,"minecraft:soul_soil":22,"minecraft:netherite_pickaxe":5758,"minecraft:cooked_beef":12,"minecraft:cobbled_deepslate":76,"minecraft:wheat_seeds":319,"minecraft:cooked_mutton":8,"minecraft:water_bucket":27,"minecraft:cobblestone_stairs":1,"minecraft:birch_planks":11,"minecraft:fletching_table":4,"minecraft:beacon":5,"minecraft:stonecutter":3,"minecraft:deepslate_bricks":1,"minecraft:crafting_table":10,"minecraft:white_bed":7,"minecraft:oak_log":2,"minecraft:diamond_pickaxe":560,"minecraft:apple":1,"minecraft:stone_axe":303,"minecraft:cobblestone":26,"minecraft:cooked_porkchop":14,"minecraft:bucket":38,"minecraft:yellow_bed":3,"minecraft:dandelion":2,"minecraft:gray_wool":66,"minecraft:diamond_leggings":1},"minecraft:dropped":{"minecraft:soul_sand":24,"minecraft:oak_log":1,"minecraft:flint":8,"minecraft:dirt":10,"minecraft:gold_ingot":1,"minecraft:gravel":218,"minecraft:cobbled_deepslate":1269,"minecraft:pointed_dripstone":42,"minecraft:rotten_flesh":5,"minecraft:oak_planks":3,"minecraft:white_bed":1,"minecraft:gunpowder":4,"minecraft:quartz":11,"minecraft:netherrack":518,"minecraft:lectern":1,"minecraft:stone_hoe":1,"minecraft:netherite_pickaxe":3,"minecraft:wheat_seeds":8,"minecraft:cobblestone":128,"minecraft:lead":4,"minecraft:stick":10,"minecraft:diorite":64,"minecraft:oak_stairs":14,"minecraft:string":7,"minecraft:gray_carpet":1,"minecraft:kelp":61,"minecraft:soul_soil":19,"minecraft:bowl":4,"minecraft:tuff":390,"minecraft:yellow_bed":1,"minecraft:oak_sapling":2},"minecraft:crafted":{"minecraft:smooth_stone":1,"minecraft:oak_planks":472,"minecraft:oak_sign":3,"minecraft:cooked_chicken":16,"minecraft:birch_slab":12,"minecraft:stone":172,"minecraft:cobblestone_stairs":4,"minecraft:bookshelf":4,"minecraft:cooked_mutton":15,"minecraft:diamond_helmet":2,"minecraft:diamond_leggings":1,"minecraft:bow":1,"minecraft:stone_hoe":1,"minecraft:arrow":192,"minecraft:emerald":43,"minecraft:cooked_porkchop":32,"minecraft:diamond_axe":2,"minecraft:crafting_table":6,"minecraft:wooden_pickaxe":1,"minecraft:gold_block":10,"minecraft:hay_block":20,"minecraft:birch_planks":224,"minecraft:lectern":1,"minecraft:book":7,"minecraft:diamond_pickaxe":1,"minecraft:stick":1148,"minecraft:iron_ingot":87,"minecraft:iron_block":3,"minecraft:gold_ingot":94,"minecraft:shears":2,"minecraft:coal":72,"minecraft:bone_meal":630,"minecraft:iron_axe":2,"minecraft:iron_hoe":1,"minecraft:stone_pickaxe":1,"minecraft:diamond_boots":2,"minecraft:wheat":189,"minecraft:cooked_beef":17,"minecraft:enchanting_table":1,"minecraft:bowl":4,"minecraft:bucket":2,"minecraft:stone_axe":7,"minecraft:enchanted_book":1,"minecraft:bread":135,"minecraft:air":0,"minecraft:oak_boat":1,"minecraft:wooden_axe":1,"minecraft:iron_shovel":1,"minecraft:anvil":1,"minecraft:white_bed":6,"minecraft:torch":771,"minecraft:diamond_chestplate":2},"minecraft:picked_up":{"minecraft:wheat":182,"minecraft:lead":4,"minecraft:oak_stairs":15,"minecraft:potion":1,"minecraft:string":3,"minecraft:raw_copper":36,"minecraft:soul_soil":95,"minecraft:iron_leggings":1,"minecraft:diamond_leggings":2,"minecraft:gold_nugget":285,"minecraft:cobbled_deepslate":1516,"minecraft:bucket":1,"minecraft:deepslate_tile_wall":2,"minecraft:coal_block":29,"minecraft:stick":172,"minecraft:oak_fence":1,"minecraft:torch":551,"minecraft:porkchop":67,"minecraft:pointed_dripstone":42,"minecraft:diorite":262,"minecraft:rotten_flesh":24,"minecraft:white_terracotta":1,"minecraft:obsidian":14,"minecraft:cod":1,"minecraft:cobblestone":1847,"minecraft:birch_log":69,"minecraft:magma_block":9,"minecraft:feather":28,"minecraft:cooked_beef":11,"minecraft:water_bucket":1,"minecraft:andesite":50,"minecraft:beacon":5,"minecraft:flint":134,"minecraft:tuff":393,"minecraft:lapis_lazuli":243,"minecraft:dirt":275,"minecraft:disc_fragment_5":1,"minecraft:name_tag":1,"minecraft:bone":28,"minecraft:bow":3,"minecraft:stonecutter":3,"minecraft:wheat_seeds":500,"minecraft:raw_gold":152,"minecraft:fletching_table":4,"minecraft:diamond_helmet":4,"minecraft:glowstone_dust":109,"minecraft:oak_planks":6,"minecraft:stone_hoe":2,"minecraft:ghast_tear":2,"minecraft:cooked_porkchop":19,"minecraft:music_disc_13":1,"minecraft:oak_pressure_plate":1,"minecraft:ink_sac":2,"minecraft:diamond":87,"minecraft:granite":60,"minecraft:bone_meal":9,"minecraft:bread":91,"minecraft:oak_sapling":41,"minecraft:netherrack":1102,"minecraft:crimson_roots":1,"minecraft:diamond_pickaxe":2,"minecraft:crafting_table":5,"minecraft:chicken":29,"minecraft:wooden_pickaxe":1,"minecraft:gold_block":1,"minecraft:iron_axe":2,"minecraft:blackstone":43,"minecraft:beef":30,"minecraft:oak_boat":3,"minecraft:poppy":3,"minecraft:lectern":67,"minecraft:chest":3,"minecraft:birch_sapling":5,"minecraft:egg":8,"minecraft:raw_iron":200,"minecraft:oak_door":3,"minecraft:bowl":4,"minecraft:carrot":25,"minecraft:redstone":207,"minecraft:netherite_pickaxe":6,"minecraft:arrow":39,"minecraft:diamond_chestplate":4,"minecraft:diamond_boots":4,"minecraft:shears":2,"minecraft:deepslate_bricks":1,"minecraft:hay_block":9,"minecraft:gold_ingot":4,"minecraft:mutton":26,"minecraft:white_wool":39,"minecraft:bone_block":66,"minecraft:basalt":173,"minecraft:leather":19,"minecraft:birch_planks":68,"minecraft:oak_log":171,"minecraft:yellow_bed":5,"minecraft:gunpowder":6,"minecraft:paper":23,"minecraft:cooked_mutton":9,"minecraft:apple":1,"minecraft:gray_carpet":2,"minecraft:kelp":131,"minecraft:stone_pickaxe":2,"minecraft:iron_ingot":21,"minecraft:cooked_chicken":8,"minecraft:soul_sand":34,"minecraft:book":6,"minecraft:quartz":80,"minecraft:dandelion":3,"minecraft:gravel":171,"minecraft:white_bed":2,"minecraft:spider_eye":5,"minecraft:stone_axe":10,"minecraft:diamond_axe":3,"minecraft:gray_wool":159,"minecraft:coal":439},"minecraft:killed":{"minecraft:witch":1,"minecraft:spider":4,"minecraft:cod":1,"minecraft:skeleton":23,"minecraft:chicken":17,"minecraft:magma_cube":3,"minecraft:piglin":1,"minecraft:pig":18,"minecraft:salmon":1,"minecraft:iron_golem":3,"minecraft:creeper":1,"minecraft:sheep":12,"minecraft:zombie":21,"minecraft:ghast":2,"minecraft:cow":12,"minecraft:drowned":5,"minecraft:bat":1,"minecraft:squid":1,"minecraft:enderman":1}},"DataVersion":3953}