{"stats":{"minecraft:broken":{"minecraft:iron_shovel":1,"minecraft:iron_leggings":1,"minecraft:stone_axe":2,"minecraft:wooden_axe":1,"minecraft:diamond_hoe":1,"minecraft:golden_hoe":1,"minecraft:stone_hoe":1,"minecraft:iron_axe":1},"minecraft:mined":{"minecraft:white_bed":4,"minecraft:oak_sapling":2,"minecraft:farmland":4,"minecraft:sculk_vein":473,"minecraft:cobblestone_stairs":27,"minecraft:obsidian":24,"minecraft:spruce_trapdoor":1,"minecraft:granite":56,"minecraft:grass_block":477,"minecraft:deepslate_tile_wall":2,"minecraft:deepslate_bricks":2,"minecraft:soul_soil":95,"minecraft:oxeye_daisy":1,"minecraft:nether_wart":20,"minecraft:smooth_stone":50,"minecraft:tall_seagrass":2,"minecraft:magma_block":16,"minecraft:sculk_catalyst":42,"minecraft:glowstone":27,"minecraft:iron_ore":47,"minecraft:sticky_piston":1,"minecraft:fire":80,"minecraft:cobbled_deepslate":5,"minecraft:target":1,"minecraft:pumpkin":10,"minecraft:deepslate_lapis_ore":13,"minecraft:fletching_table":8,"minecraft:azure_bluet":1,"minecraft:sculk_shrieker":23,"minecraft:pointed_dripstone":31,"minecraft:oak_sign":1,"minecraft:water_cauldron":4,"minecraft:dirt_path":47,"minecraft:oak_stairs":2,"minecraft:deepslate_redstone_ore":53,"minecraft:blackstone":46,"minecraft:kelp_plant":28,"minecraft:soul_fire":119,"minecraft:deepslate_tile_slab":1,"minecraft:soul_lantern":1,"minecraft:powder_snow":48,"minecraft:torch":39,"minecraft:blast_furnace":1,"minecraft:beacon":5,"minecraft:chest":12,"minecraft:cobblestone":42,"minecraft:nether_quartz_ore":47,"minecraft:oak_planks":1,"minecraft:sugar_cane":1,"minecraft:grindstone":1,"minecraft:wall_torch":13,"minecraft:deepslate_copper_ore":1,"minecraft:skeleton_skull":2,"minecraft:white_terracotta":1,"minecraft:seagrass":3,"minecraft:repeater":7,"minecraft:red_candle":2,"minecraft:birch_log":83,"minecraft:wheat":295,"minecraft:oak_log":650,"minecraft:dirt":647,"minecraft:sand":230,"minecraft:red_mushroom_block":4,"minecraft:stonecutter":5,"minecraft:netherrack":1577,"minecraft:deepslate":1902,"minecraft:polished_deepslate_wall":2,"minecraft:oak_leaves":756,"minecraft:redstone_lamp":1,"minecraft:nether_gold_ore":43,"minecraft:tuff":508,"minecraft:deepslate_diamond_ore":65,"minecraft:oak_door":3,"minecraft:dark_oak_log":14,"minecraft:nether_bricks":81,"minecraft:crimson_roots":1,"minecraft:redstone_wire":5,"minecraft:kelp":6,"minecraft:hay_block":43,"minecraft:furnace":10,"minecraft:carrots":15,"minecraft:snow":1,"minecraft:andesite":121,"minecraft:gold_block":10,"minecraft:nether_brick_fence":1,"minecraft:deepslate_iron_ore":57,"minecraft:stone":2824,"minecraft:bone_block":70,"minecraft:redstone_wall_torch":1,"minecraft:smithing_table":4,"minecraft:redstone_block":1,"minecraft:glass_pane":4,"minecraft:comparator":2,"minecraft:soul_sand":136,"minecraft:snow_block":8,"minecraft:basalt":197,"minecraft:dandelion":13,"minecraft:oak_fence":1,"minecraft:crafting_table":4,"minecraft:cornflower":1,"minecraft:short_grass":178,"minecraft:sculk_sensor":160,"minecraft:lectern":139,"minecraft:copper_ore":11,"minecraft:tall_grass":33,"minecraft:deepslate_coal_ore":8,"minecraft:lapis_ore":10,"minecraft:deepslate_gold_ore":68,"minecraft:cracked_deepslate_bricks":3,"minecraft:sculk":5497,"minecraft:diorite":145,"minecraft:gray_wool":153,"minecraft:birch_planks":8,"minecraft:cobblestone_wall":27,"minecraft:redstone_torch":2,"minecraft:birch_leaves":9,"minecraft:yellow_bed":8,"minecraft:coal_ore":173,"minecraft:gravel":206,"minecraft:dripstone_block":7,"minecraft:gray_carpet":2,"minecraft:gold_ore":9},"minecraft:killed_by":{"minecraft:drowned":1,"minecraft:spider":1,"minecraft:warden":5,"minecraft:skeleton":4},"minecraft:custom":{"minecraft:interact_with_crafting_table":110,"minecraft:open_barrel":2,"minecraft:bell_ring":58,"minecraft:leave_game":42,"minecraft:time_since_death":233247,"minecraft:sprint_one_cm":6666879,"minecraft:damage_blocked_by_shield":1090,"minecraft:drop":607,"minecraft:talked_to_villager":332,"minecraft:play_time":2039822,"minecraft:deaths":21,"minecraft:jump":24165,"minecraft:interact_with_brewingstand":28,"minecraft:walk_on_water_one_cm":261769,"minecraft:enchant_item":37,"minecraft:interact_with_furnace":478,"minecraft:traded_with_villager":272,"minecraft:interact_with_cartography_table":1,"minecraft:sleep_in_bed":32,"minecraft:damage_dealt":83771,"minecraft:interact_with_beacon":14,"minecraft:player_kills":4,"minecraft:crouch_one_cm":267504,"minecraft:horse_one_cm":1374200,"minecraft:interact_with_smithing_table":1,"minecraft:interact_with_anvil":24,"minecraft:mob_kills":606,"minecraft:climb_one_cm":38427,"minecraft:walk_one_cm":1998651,"minecraft:strider_one_cm":15283,"minecraft:sneak_time":97620,"minecraft:walk_under_water_one_cm":693207,"minecraft:boat_one_cm":306080,"minecraft:interact_with_blast_furnace":10,"minecraft:total_world_time":2039822,"minecraft:interact_with_stonecutter":9,"minecraft:interact_with_grindstone":17,"minecraft:time_since_rest":8940,"minecraft:damage_taken":20287,"minecraft:damage_absorbed":265,"minecraft:swim_one_cm":1132788,"minecraft:fly_one_cm":3505101,"minecraft:open_chest":791,"minecraft:fall_one_cm":575995},"minecraft:used":{"minecraft:iron_shovel":481,"minecraft:oak_sign":1,"minecraft:ladder":4,"minecraft:diamond_hoe":6271,"minecraft:shield":44,"minecraft:chest":24,"minecraft:white_terracotta":1,"minecraft:nether_wart":35,"minecraft:stone":1,"minecraft:rotten_flesh":30,"minecraft:soul_sand":89,"minecraft:mutton":2,"minecraft:nether_bricks":44,"minecraft:carrot":23,"minecraft:deepslate_tile_slab":1,"minecraft:tuff":1,"minecraft:snowball":29,"minecraft:obsidian":17,"minecraft:lava_bucket":34,"minecraft:birch_sapling":4,"minecraft:crimson_roots":1,"minecraft:bow":551,"minecraft:hay_block":1,"minecraft:oak_sapling":176,"minecraft:furnace":29,"minecraft:gold_block":10,"minecraft:skeleton_skull":2,"minecraft:egg":6,"minecraft:diamond_boots":1,"minecraft:stone_pickaxe":24,"minecraft:oak_planks":3,"minecraft:blackstone":24,"minecraft:wooden_pickaxe":30,"minecraft:diamond_axe":1974,"minecraft:golden_apple":8,"minecraft:golden_hoe":32,"minecraft:sand":1,"minecraft:blast_furnace":1,"minecraft:mushroom_stew":17,"minecraft:crossbow":2,"minecraft:shears":114,"minecraft:bread":251,"minecraft:lectern":140,"minecraft:gravel":4,"minecraft:grindstone":1,"minecraft:andesite":1,"minecraft:smithing_table":4,"minecraft:oak_boat":21,"minecraft:bone_meal":470,"minecraft:oak_fence":1,"minecraft:enchanting_table":1,"minecraft:flint_and_steel":75,"minecraft:dried_kelp":69,"minecraft:cooked_salmon":1,"minecraft:trial_key":4,"minecraft:stone_hoe":156,"minecraft:cooked_chicken":33,"minecraft:netherrack":542,"minecraft:oak_door":1,"minecraft:torch":755,"minecraft:brewing_stand":1,"minecraft:dirt":754,"minecraft:anvil":1,"minecraft:cobblestone_wall":133,"minecraft:diamond_helmet":1,"minecraft:iron_hoe":309,"minecraft:wooden_axe":58,"minecraft:bookshelf":3,"minecraft:iron_axe":236,"minecraft:diamond_chestplate":1,"minecraft:golden_carrot":1,"minecraft:beef":2,"minecraft:soul_soil":22,"minecraft:netherite_pickaxe":6861,"minecraft:cooked_beef":35,"minecraft:cobbled_deepslate":82,"minecraft:wheat_seeds":443,"minecraft:cooked_mutton":23,"minecraft:water_bucket":40,"minecraft:cobblestone_stairs":84,"minecraft:birch_planks":11,"minecraft:glass_bottle":31,"minecraft:beacon":5,"minecraft:fletching_table":9,"minecraft:stonecutter":5,"minecraft:deepslate_bricks":1,"minecraft:crafting_table":14,"minecraft:white_bed":13,"minecraft:oak_log":9,"minecraft:cornflower":1,"minecraft:diamond_pickaxe":2035,"minecraft:apple":2,"minecraft:diamond_shovel":1125,"minecraft:wind_charge":8,"minecraft:spruce_trapdoor":1,"minecraft:stone_axe":303,"minecraft:cobblestone":84,"minecraft:potion":5,"minecraft:cooked_porkchop":29,"minecraft:bucket":106,"minecraft:yellow_bed":8,"minecraft:dandelion":2,"minecraft:gray_wool":98,"minecraft:diamond_leggings":1,"minecraft:smooth_stone":1085,"minecraft:soul_torch":8},"minecraft:crafted":{"minecraft:smooth_stone":1337,"minecraft:oak_planks":2324,"minecraft:oak_sign":3,"minecraft:blaze_powder":2,"minecraft:cooked_chicken":36,"minecraft:birch_slab":12,"minecraft:stone":1759,"minecraft:cobblestone_stairs":5,"minecraft:diamond_shovel":1,"minecraft:bookshelf":4,"minecraft:cooked_mutton":30,"minecraft:glass":197,"minecraft:diamond_helmet":4,"minecraft:bow":4,"minecraft:diamond_leggings":1,"minecraft:chest":12,"minecraft:stone_hoe":1,"minecraft:glass_bottle":36,"minecraft:oak_slab":12,"minecraft:arrow":672,"minecraft:emerald":195,"minecraft:cooked_porkchop":54,"minecraft:diamond_axe":5,"minecraft:crafting_table":10,"minecraft:wooden_pickaxe":1,"minecraft:fletching_table":1,"minecraft:gold_block":10,"minecraft:hay_block":20,"minecraft:brewing_stand":1,"minecraft:birch_planks":304,"minecraft:lectern":1,"minecraft:book":7,"minecraft:diamond_pickaxe":2,"minecraft:stick":4701,"minecraft:iron_ingot":150,"minecraft:compass":1,"minecraft:iron_block":3,"minecraft:gold_ingot":161,"minecraft:composter":1,"minecraft:shears":2,"minecraft:golden_carrot":8,"minecraft:coal":126,"minecraft:wind_charge":8,"minecraft:furnace":20,"minecraft:bone_meal":630,"minecraft:glass_pane":416,"minecraft:flint_and_steel":2,"minecraft:diamond":36,"minecraft:iron_axe":2,"minecraft:ladder":6,"minecraft:iron_hoe":1,"minecraft:stone_pickaxe":1,"minecraft:diamond_boots":4,"minecraft:filled_map":1,"minecraft:dark_oak_planks":56,"minecraft:wheat":562,"minecraft:cooked_beef":37,"minecraft:sugar":3,"minecraft:enchanting_table":1,"minecraft:dried_kelp":69,"minecraft:bowl":8,"minecraft:cooked_salmon":1,"minecraft:bucket":23,"minecraft:stone_axe":7,"minecraft:enchanted_book":1,"minecraft:air":0,"minecraft:bread":394,"minecraft:blue_dye":1,"minecraft:oak_boat":3,"minecraft:golden_apple":8,"minecraft:wooden_axe":1,"minecraft:iron_shovel":2,"minecraft:stonecutter":1,"minecraft:anvil":1,"minecraft:white_bed":9,"minecraft:torch":987,"minecraft:diamond_chestplate":4},"minecraft:dropped":{"minecraft:iron_sword":1,"minecraft:soul_sand":30,"minecraft:diamond_axe":3,"minecraft:oak_pressure_plate":1,"minecraft:cooked_beef":1,"minecraft:oak_log":1,"minecraft:glass_bottle":1,"minecraft:deepslate_tile_wall":2,"minecraft:leather":17,"minecraft:flint":27,"minecraft:music_disc_13":2,"minecraft:cobblestone_stairs":459,"minecraft:dirt":187,"minecraft:redstone_lamp":1,"minecraft:amethyst_shard":16,"minecraft:iron_pickaxe":1,"minecraft:bone":16,"minecraft:gold_ingot":1,"minecraft:gravel":304,"minecraft:stone_axe":1,"minecraft:cobbled_deepslate":1626,"minecraft:obsidian":2,"minecraft:soul_lantern":1,"minecraft:pointed_dripstone":42,"minecraft:rotten_flesh":13,"minecraft:oak_planks":19,"minecraft:diamond_shovel":1,"minecraft:nether_brick_fence":1,"minecraft:white_bed":4,"minecraft:poppy":12,"minecraft:gunpowder":6,"minecraft:red_candle":4,"minecraft:ladder":2,"minecraft:basalt":173,"minecraft:arrow":142,"minecraft:glass":6,"minecraft:quartz":11,"minecraft:netherrack":763,"minecraft:lectern":1,"minecraft:egg":2,"minecraft:water_bucket":1,"minecraft:stone_hoe":1,"minecraft:bread":176,"minecraft:netherite_pickaxe":3,"minecraft:wheat_seeds":37,"minecraft:iron_helmet":1,"minecraft:oak_fence":1,"minecraft:feather":35,"minecraft:cobblestone":557,"minecraft:lead":4,"minecraft:coal":3,"minecraft:mushroom_stew":1,"minecraft:golden_apple":2,"minecraft:stick":25,"minecraft:gray_wool":47,"minecraft:diorite":64,"minecraft:ink_sac":2,"minecraft:torch":131,"minecraft:sculk_catalyst":6,"minecraft:iron_leggings":1,"minecraft:dried_kelp":1,"minecraft:oak_stairs":15,"minecraft:smooth_stone":302,"minecraft:string":11,"minecraft:polished_deepslate_wall":2,"minecraft:bucket":30,"minecraft:music_disc_cat":1,"minecraft:gray_carpet":1,"minecraft:dandelion":9,"minecraft:kelp":61,"minecraft:soul_soil":73,"minecraft:soul_torch":20,"minecraft:cobblestone_wall":132,"minecraft:bowl":7,"minecraft:tuff":391,"minecraft:glass_pane":59,"minecraft:stone":482,"minecraft:shield":1,"minecraft:diamond_pickaxe":4,"minecraft:andesite":13,"minecraft:yellow_bed":1,"minecraft:oak_boat":1,"minecraft:oak_sapling":10,"minecraft:golden_sword":2,"minecraft:slime_ball":13,"minecraft:bow":2,"minecraft:cracked_deepslate_bricks":3,"minecraft:magma_block":9},"minecraft:picked_up":{"minecraft:iron_chestplate":1,"minecraft:wheat":300,"minecraft:redstone_block":2,"minecraft:nether_brick_fence":1,"minecraft:smithing_table":4,"minecraft:lead":6,"minecraft:oak_stairs":16,"minecraft:enchanted_book":8,"minecraft:potion":15,"minecraft:golden_sword":3,"minecraft:polished_deepslate_wall":2,"minecraft:music_disc_cat":2,"minecraft:string":24,"minecraft:soul_soil":170,"minecraft:raw_copper":64,"minecraft:iron_leggings":4,"minecraft:red_candle":4,"minecraft:sticky_piston":2,"minecraft:experience_bottle":6,"minecraft:oak_sign":3,"minecraft:diamond_leggings":3,"minecraft:smooth_stone":284,"minecraft:gold_nugget":347,"minecraft:cobbled_deepslate":1894,"minecraft:comparator":2,"minecraft:bucket":2,"minecraft:trial_key":7,"minecraft:iron_pickaxe":2,"minecraft:deepslate_tile_wall":6,"minecraft:coal_block":29,"minecraft:furnace":10,"minecraft:stick":307,"minecraft:oak_fence":3,"minecraft:torch":1059,"minecraft:porkchop":89,"minecraft:dried_kelp":9,"minecraft:target":2,"minecraft:pointed_dripstone":42,"minecraft:diorite":262,"minecraft:stone_sword":2,"minecraft:honey_bottle":4,"minecraft:rotten_flesh":179,"minecraft:white_terracotta":1,"minecraft:blaze_rod":27,"minecraft:obsidian":23,"minecraft:cod":1,"minecraft:snowball":29,"minecraft:cobblestone":3507,"minecraft:birch_log":96,"minecraft:magma_block":18,"minecraft:repeater":12,"minecraft:feather":76,"minecraft:cooked_beef":15,"minecraft:magma_cream":1,"minecraft:birch_slab":8,"minecraft:water_bucket":4,"minecraft:andesite":140,"minecraft:beacon":7,"minecraft:flint":160,"minecraft:tuff":394,"minecraft:lapis_lazuli":393,"minecraft:dirt":1383,"minecraft:disc_fragment_5":1,"minecraft:name_tag":5,"minecraft:glass":71,"minecraft:bone":169,"minecraft:stonecutter":5,"minecraft:bow":21,"minecraft:wheat_seeds":840,"minecraft:raw_gold":164,"minecraft:grindstone":1,"minecraft:fletching_table":8,"minecraft:diamond_helmet":7,"minecraft:glowstone_dust":109,"minecraft:oak_planks":94,"minecraft:stone_hoe":2,"minecraft:ghast_tear":5,"minecraft:cooked_porkchop":19,"minecraft:music_disc_13":3,"minecraft:oak_pressure_plate":2,"minecraft:sand":235,"minecraft:ink_sac":4,"minecraft:grass_block":4,"minecraft:dark_oak_log":14,"minecraft:iron_hoe":1,"minecraft:diamond":118,"minecraft:soul_lantern":4,"minecraft:granite":60,"minecraft:crossbow":1,"minecraft:breeze_rod":12,"minecraft:bone_meal":9,"minecraft:golden_apple":15,"minecraft:emerald":10,"minecraft:golden_horse_armor":3,"minecraft:bread":321,"minecraft:oak_sapling":245,"minecraft:netherrack":1502,"minecraft:crimson_roots":1,"minecraft:diamond_pickaxe":9,"minecraft:crafting_table":5,"minecraft:azure_bluet":1,"minecraft:chicken":52,"minecraft:ominous_bottle":1,"minecraft:ladder":2,"minecraft:nether_wart":43,"minecraft:redstone_lamp":1,"minecraft:wooden_pickaxe":2,"minecraft:pink_wool":1,"minecraft:gold_block":10,"minecraft:shield":6,"minecraft:cornflower":1,"minecraft:elytra":1,"minecraft:iron_axe":2,"minecraft:blackstone":45,"minecraft:glass_pane":109,"minecraft:beef":69,"minecraft:echo_shard":12,"minecraft:oak_boat":21,"minecraft:poppy":17,"minecraft:sugar_cane":3,"minecraft:lectern":141,"minecraft:chest":12,"minecraft:birch_sapling":10,"minecraft:spruce_trapdoor":1,"minecraft:diamond_hoe":1,"minecraft:egg":16,"minecraft:raw_iron":224,"minecraft:stone":128,"minecraft:oak_door":5,"minecraft:copper_ingot":2,"minecraft:bowl":7,"minecraft:carrot":85,"minecraft:redstone":431,"minecraft:netherite_pickaxe":6,"minecraft:arrow":634,"minecraft:diamond_chestplate":9,"minecraft:nether_bricks":69,"minecraft:shears":4,"minecraft:deepslate_bricks":1,"minecraft:diamond_boots":7,"minecraft:hay_block":64,"minecraft:cracked_deepslate_bricks":6,"minecraft:saddle":3,"minecraft:ward_armor_trim_smithing_template":1,"minecraft:gold_ingot":4,"minecraft:mutton":43,"minecraft:white_wool":55,"minecraft:skeleton_skull":5,"minecraft:bone_block":66,"minecraft:basalt":351,"minecraft:salmon":2,"minecraft:leather":61,"minecraft:red_mushroom":2,"minecraft:birch_planks":68,"minecraft:filled_map":2,"minecraft:mushroom_stew":1,"minecraft:oak_log":687,"minecraft:cobblestone_wall":112,"minecraft:golden_boots":1,"minecraft:yellow_bed":9,"minecraft:gunpowder":26,"minecraft:cobblestone_stairs":30,"minecraft:deepslate_tile_slab":1,"minecraft:paper":25,"minecraft:cooked_mutton":9,"minecraft:apple":20,"minecraft:gray_carpet":2,"minecraft:kelp":136,"minecraft:iron_ingot":58,"minecraft:stone_pickaxe":2,"minecraft:cooked_chicken":13,"minecraft:glass_bottle":1,"minecraft:iron_sword":2,"minecraft:soul_sand":144,"minecraft:book":53,"minecraft:sculk_catalyst":6,"minecraft:pumpkin":10,"minecraft:quartz":80,"minecraft:dandelion":12,"minecraft:gravel":286,"minecraft:amethyst_shard":16,"minecraft:soul_torch":25,"minecraft:blast_furnace":1,"minecraft:white_bed":8,"minecraft:spider_eye":14,"minecraft:firework_rocket":31,"minecraft:diamond_shovel":2,"minecraft:slime_ball":13,"minecraft:stone_axe":13,"minecraft:iron_helmet":1,"minecraft:diamond_axe":9,"minecraft:gray_wool":246,"minecraft:black_wool":1,"minecraft:coal":477,"minecraft:ender_pearl":1},"minecraft:killed":{"minecraft:zombified_piglin":23,"minecraft:witch":1,"minecraft:spider":19,"minecraft:cod":1,"minecraft:skeleton":140,"minecraft:chicken":37,"minecraft:silverfish":24,"minecraft:magma_cube":26,"minecraft:piglin":3,"minecraft:pig":30,"minecraft:salmon":1,"minecraft:iron_golem":13,"minecraft:strider":1,"minecraft:creeper":13,"minecraft:sheep":24,"minecraft:zombie":110,"minecraft:ghast":3,"minecraft:cow":26,"minecraft:blaze":53,"minecraft:phantom":1,"minecraft:horse":4,"minecraft:drowned":14,"minecraft:warden":1,"minecraft:bat":1,"minecraft:squid":1,"minecraft:breeze":8,"minecraft:wither_skeleton":5,"minecraft:enderman":6}},"DataVersion":3953}