{"stats":{"minecraft:broken":{"minecraft:iron_shovel":1,"minecraft:iron_leggings":1,"minecraft:stone_axe":2,"minecraft:wooden_axe":1,"minecraft:diamond_hoe":1,"minecraft:stone_hoe":1,"minecraft:iron_axe":1},"minecraft:mined":{"minecraft:white_bed":2,"minecraft:oak_sapling":2,"minecraft:farmland":4,"minecraft:cobblestone_stairs":27,"minecraft:sculk_vein":453,"minecraft:obsidian":15,"minecraft:granite":56,"minecraft:deepslate_tile_wall":2,"minecraft:grass_block":404,"minecraft:soul_soil":65,"minecraft:deepslate_bricks":2,"minecraft:oxeye_daisy":1,"minecraft:smooth_stone":41,"minecraft:tall_seagrass":2,"minecraft:magma_block":16,"minecraft:glowstone":27,"minecraft:sculk_catalyst":39,"minecraft:iron_ore":38,"minecraft:cobbled_deepslate":4,"minecraft:sticky_piston":1,"minecraft:fire":51,"minecraft:target":1,"minecraft:deepslate_lapis_ore":13,"minecraft:fletching_table":4,"minecraft:sculk_shrieker":22,"minecraft:pointed_dripstone":31,"minecraft:oak_sign":1,"minecraft:dirt_path":39,"minecraft:oak_stairs":2,"minecraft:deepslate_redstone_ore":35,"minecraft:blackstone":44,"minecraft:kelp_plant":28,"minecraft:soul_fire":112,"minecraft:soul_lantern":1,"minecraft:torch":36,"minecraft:beacon":5,"minecraft:chest":4,"minecraft:nether_quartz_ore":47,"minecraft:cobblestone":40,"minecraft:grindstone":1,"minecraft:wall_torch":11,"minecraft:deepslate_copper_ore":1,"minecraft:skeleton_skull":2,"minecraft:seagrass":3,"minecraft:white_terracotta":1,"minecraft:repeater":7,"minecraft:birch_log":56,"minecraft:wheat":182,"minecraft:oak_log":311,"minecraft:dirt":609,"minecraft:sand":230,"minecraft:stonecutter":3,"minecraft:netherrack":1146,"minecraft:polished_deepslate_wall":2,"minecraft:oak_leaves":337,"minecraft:deepslate":1886,"minecraft:redstone_lamp":1,"minecraft:nether_gold_ore":40,"minecraft:tuff":507,"minecraft:deepslate_diamond_ore":52,"minecraft:oak_door":3,"minecraft:crimson_roots":1,"minecraft:redstone_wire":5,"minecraft:kelp":6,"minecraft:hay_block":1,"minecraft:furnace":9,"minecraft:andesite":71,"minecraft:gold_block":10,"minecraft:deepslate_iron_ore":57,"minecraft:stone":2174,"minecraft:bone_block":70,"minecraft:redstone_wall_torch":1,"minecraft:redstone_block":1,"minecraft:glass_pane":2,"minecraft:comparator":2,"minecraft:soul_sand":20,"minecraft:basalt":190,"minecraft:dandelion":3,"minecraft:oak_fence":1,"minecraft:crafting_table":4,"minecraft:short_grass":79,"minecraft:sculk_sensor":146,"minecraft:lectern":134,"minecraft:copper_ore":8,"minecraft:tall_grass":26,"minecraft:deepslate_coal_ore":8,"minecraft:lapis_ore":8,"minecraft:deepslate_gold_ore":59,"minecraft:cracked_deepslate_bricks":3,"minecraft:sculk":5356,"minecraft:diorite":145,"minecraft:gray_wool":153,"minecraft:birch_planks":8,"minecraft:cobblestone_wall":2,"minecraft:redstone_torch":2,"minecraft:birch_leaves":6,"minecraft:yellow_bed":5,"minecraft:coal_ore":159,"minecraft:gravel":178,"minecraft:dripstone_block":7,"minecraft:gray_carpet":2,"minecraft:gold_ore":9},"minecraft:killed_by":{"minecraft:drowned":1,"minecraft:spider":1,"minecraft:warden":5,"minecraft:skeleton":4},"minecraft:custom":{"minecraft:interact_with_crafting_table":70,"minecraft:bell_ring":39,"minecraft:leave_game":27,"minecraft:time_since_death":172428,"minecraft:sprint_one_cm":3573568,"minecraft:damage_blocked_by_shield":150,"minecraft:drop":391,"minecraft:talked_to_villager":224,"minecraft:play_time":1248411,"minecraft:deaths":19,"minecraft:jump":14960,"minecraft:walk_on_water_one_cm":152047,"minecraft:enchant_item":23,"minecraft:interact_with_furnace":383,"minecraft:traded_with_villager":169,"minecraft:sleep_in_bed":15,"minecraft:damage_dealt":34317,"minecraft:interact_with_beacon":14,"minecraft:player_kills":4,"minecraft:crouch_one_cm":260931,"minecraft:horse_one_cm":29569,"minecraft:interact_with_anvil":19,"minecraft:mob_kills":219,"minecraft:climb_one_cm":18288,"minecraft:walk_one_cm":1308481,"minecraft:strider_one_cm":15283,"minecraft:sneak_time":92751,"minecraft:walk_under_water_one_cm":515348,"minecraft:boat_one_cm":214926,"minecraft:interact_with_blast_furnace":5,"minecraft:total_world_time":1248411,"minecraft:interact_with_stonecutter":7,"minecraft:interact_with_grindstone":12,"minecraft:time_since_rest":8513,"minecraft:damage_taken":14678,"minecraft:damage_absorbed":265,"minecraft:swim_one_cm":636191,"minecraft:fly_one_cm":2024175,"minecraft:open_chest":357,"minecraft:fall_one_cm":370565},"minecraft:used":{"minecraft:iron_shovel":253,"minecraft:oak_sign":1,"minecraft:ladder":4,"minecraft:diamond_hoe":5828,"minecraft:chest":6,"minecraft:shield":6,"minecraft:white_terracotta":1,"minecraft:stone":1,"minecraft:rotten_flesh":11,"minecraft:soul_sand":5,"minecraft:mutton":2,"minecraft:tuff":1,"minecraft:lava_bucket":4,"minecraft:birch_sapling":2,"minecraft:crimson_roots":1,"minecraft:bow":288,"minecraft:hay_block":1,"minecraft:oak_sapling":75,"minecraft:furnace":25,"minecraft:gold_block":10,"minecraft:egg":4,"minecraft:diamond_boots":1,"minecraft:stone_pickaxe":24,"minecraft:oak_planks":3,"minecraft:wooden_pickaxe":30,"minecraft:diamond_axe":803,"minecraft:golden_apple":8,"minecraft:sand":1,"minecraft:mushroom_stew":12,"minecraft:shears":114,"minecraft:bread":189,"minecraft:lectern":134,"minecraft:gravel":4,"minecraft:grindstone":1,"minecraft:oak_boat":4,"minecraft:bone_meal":470,"minecraft:oak_fence":1,"minecraft:enchanting_table":1,"minecraft:flint_and_steel":13,"minecraft:trial_key":1,"minecraft:cooked_chicken":12,"minecraft:stone_hoe":156,"minecraft:netherrack":165,"minecraft:oak_door":1,"minecraft:torch":618,"minecraft:dirt":722,"minecraft:anvil":1,"minecraft:cobblestone_wall":21,"minecraft:diamond_helmet":1,"minecraft:iron_hoe":309,"minecraft:wooden_axe":58,"minecraft:bookshelf":3,"minecraft:iron_axe":236,"minecraft:diamond_chestplate":1,"minecraft:soul_soil":22,"minecraft:netherite_pickaxe":5844,"minecraft:cooked_beef":12,"minecraft:cobbled_deepslate":79,"minecraft:wheat_seeds":319,"minecraft:cooked_mutton":8,"minecraft:water_bucket":35,"minecraft:cobblestone_stairs":84,"minecraft:birch_planks":11,"minecraft:beacon":5,"minecraft:fletching_table":4,"minecraft:stonecutter":3,"minecraft:deepslate_bricks":1,"minecraft:crafting_table":10,"minecraft:white_bed":8,"minecraft:oak_log":9,"minecraft:diamond_pickaxe":1583,"minecraft:apple":1,"minecraft:diamond_shovel":961,"minecraft:stone_axe":303,"minecraft:cobblestone":64,"minecraft:cooked_porkchop":14,"minecraft:bucket":65,"minecraft:yellow_bed":5,"minecraft:dandelion":2,"minecraft:gray_wool":98,"minecraft:diamond_leggings":1,"minecraft:smooth_stone":1084},"minecraft:crafted":{"minecraft:oak_planks":1156,"minecraft:smooth_stone":1337,"minecraft:oak_sign":3,"minecraft:cooked_chicken":16,"minecraft:birch_slab":12,"minecraft:stone":1510,"minecraft:cobblestone_stairs":5,"minecraft:diamond_shovel":1,"minecraft:bookshelf":4,"minecraft:cooked_mutton":15,"minecraft:glass":159,"minecraft:diamond_helmet":3,"minecraft:bow":2,"minecraft:diamond_leggings":1,"minecraft:chest":6,"minecraft:stone_hoe":1,"minecraft:arrow":352,"minecraft:emerald":115,"minecraft:cooked_porkchop":32,"minecraft:diamond_axe":2,"minecraft:crafting_table":6,"minecraft:wooden_pickaxe":1,"minecraft:gold_block":10,"minecraft:hay_block":20,"minecraft:birch_planks":224,"minecraft:lectern":1,"minecraft:book":7,"minecraft:diamond_pickaxe":1,"minecraft:stick":2317,"minecraft:iron_ingot":132,"minecraft:compass":1,"minecraft:iron_block":3,"minecraft:gold_ingot":161,"minecraft:shears":2,"minecraft:coal":126,"minecraft:furnace":16,"minecraft:bone_meal":630,"minecraft:glass_pane":416,"minecraft:diamond":36,"minecraft:iron_axe":2,"minecraft:ladder":6,"minecraft:iron_hoe":1,"minecraft:stone_pickaxe":1,"minecraft:diamond_boots":3,"minecraft:filled_map":1,"minecraft:wheat":189,"minecraft:cooked_beef":17,"minecraft:enchanting_table":1,"minecraft:bowl":4,"minecraft:bucket":17,"minecraft:stone_axe":7,"minecraft:enchanted_book":1,"minecraft:air":0,"minecraft:bread":231,"minecraft:oak_boat":1,"minecraft:golden_apple":8,"minecraft:wooden_axe":1,"minecraft:iron_shovel":1,"minecraft:anvil":1,"minecraft:white_bed":6,"minecraft:torch":987,"minecraft:diamond_chestplate":3},"minecraft:dropped":{"minecraft:iron_sword":1,"minecraft:soul_sand":25,"minecraft:diamond_axe":1,"minecraft:oak_log":1,"minecraft:deepslate_tile_wall":1,"minecraft:leather":6,"minecraft:music_disc_13":1,"minecraft:flint":10,"minecraft:cobblestone_stairs":456,"minecraft:dirt":149,"minecraft:redstone_lamp":1,"minecraft:amethyst_shard":16,"minecraft:iron_pickaxe":1,"minecraft:gold_ingot":1,"minecraft:gravel":222,"minecraft:stone_axe":1,"minecraft:cobbled_deepslate":1305,"minecraft:pointed_dripstone":42,"minecraft:rotten_flesh":5,"minecraft:oak_planks":3,"minecraft:diamond_shovel":1,"minecraft:white_bed":1,"minecraft:poppy":1,"minecraft:gunpowder":6,"minecraft:arrow":136,"minecraft:quartz":11,"minecraft:netherrack":617,"minecraft:lectern":1,"minecraft:egg":2,"minecraft:water_bucket":1,"minecraft:stone_hoe":1,"minecraft:bread":90,"minecraft:netherite_pickaxe":3,"minecraft:wheat_seeds":15,"minecraft:iron_helmet":1,"minecraft:feather":10,"minecraft:cobblestone":170,"minecraft:lead":4,"minecraft:coal":3,"minecraft:mushroom_stew":1,"minecraft:golden_apple":2,"minecraft:stick":22,"minecraft:diorite":64,"minecraft:torch":131,"minecraft:sculk_catalyst":6,"minecraft:iron_leggings":1,"minecraft:dried_kelp":1,"minecraft:oak_stairs":14,"minecraft:string":7,"minecraft:polished_deepslate_wall":2,"minecraft:music_disc_cat":1,"minecraft:bucket":29,"minecraft:gray_carpet":1,"minecraft:kelp":61,"minecraft:soul_soil":19,"minecraft:soul_torch":20,"minecraft:cobblestone_wall":132,"minecraft:bowl":4,"minecraft:tuff":391,"minecraft:shield":1,"minecraft:diamond_pickaxe":3,"minecraft:yellow_bed":1,"minecraft:oak_sapling":3,"minecraft:slime_ball":13,"minecraft:bow":2,"minecraft:cracked_deepslate_bricks":3},"minecraft:picked_up":{"minecraft:wheat":182,"minecraft:redstone_block":1,"minecraft:lead":4,"minecraft:oak_stairs":15,"minecraft:potion":7,"minecraft:enchanted_book":7,"minecraft:polished_deepslate_wall":2,"minecraft:music_disc_cat":2,"minecraft:string":13,"minecraft:soul_soil":95,"minecraft:raw_copper":40,"minecraft:sticky_piston":1,"minecraft:iron_leggings":3,"minecraft:experience_bottle":4,"minecraft:oak_sign":1,"minecraft:diamond_leggings":3,"minecraft:cobbled_deepslate":1557,"minecraft:gold_nugget":285,"minecraft:smooth_stone":43,"minecraft:comparator":2,"minecraft:bucket":2,"minecraft:trial_key":1,"minecraft:iron_pickaxe":2,"minecraft:deepslate_tile_wall":5,"minecraft:coal_block":29,"minecraft:furnace":9,"minecraft:stick":220,"minecraft:oak_fence":2,"minecraft:torch":1049,"minecraft:porkchop":67,"minecraft:dried_kelp":9,"minecraft:target":1,"minecraft:diorite":262,"minecraft:pointed_dripstone":42,"minecraft:rotten_flesh":73,"minecraft:white_terracotta":1,"minecraft:obsidian":14,"minecraft:cod":1,"minecraft:cobblestone":2667,"minecraft:birch_log":69,"minecraft:magma_block":9,"minecraft:feather":38,"minecraft:cooked_beef":11,"minecraft:repeater":6,"minecraft:water_bucket":4,"minecraft:andesite":76,"minecraft:beacon":6,"minecraft:flint":141,"minecraft:tuff":394,"minecraft:lapis_lazuli":248,"minecraft:dirt":1068,"minecraft:disc_fragment_5":1,"minecraft:name_tag":4,"minecraft:glass":67,"minecraft:bone":65,"minecraft:stonecutter":3,"minecraft:bow":12,"minecraft:wheat_seeds":511,"minecraft:raw_gold":152,"minecraft:grindstone":1,"minecraft:fletching_table":4,"minecraft:diamond_helmet":7,"minecraft:glowstone_dust":109,"minecraft:stone_hoe":2,"minecraft:oak_planks":56,"minecraft:ghast_tear":2,"minecraft:cooked_porkchop":19,"minecraft:music_disc_13":2,"minecraft:oak_pressure_plate":1,"minecraft:sand":235,"minecraft:ink_sac":2,"minecraft:grass_block":1,"minecraft:diamond":99,"minecraft:soul_lantern":3,"minecraft:granite":60,"minecraft:breeze_rod":4,"minecraft:bone_meal":9,"minecraft:golden_apple":15,"minecraft:emerald":10,"minecraft:bread":313,"minecraft:oak_sapling":102,"minecraft:netherrack":1137,"minecraft:crimson_roots":1,"minecraft:diamond_pickaxe":8,"minecraft:crafting_table":5,"minecraft:chicken":32,"minecraft:redstone_lamp":1,"minecraft:wooden_pickaxe":1,"minecraft:gold_block":10,"minecraft:shield":5,"minecraft:elytra":1,"minecraft:iron_axe":2,"minecraft:blackstone":43,"minecraft:glass_pane":50,"minecraft:beef":34,"minecraft:echo_shard":7,"minecraft:oak_boat":4,"minecraft:poppy":6,"minecraft:lectern":135,"minecraft:chest":4,"minecraft:birch_sapling":5,"minecraft:diamond_hoe":1,"minecraft:egg":10,"minecraft:raw_iron":206,"minecraft:oak_door":3,"minecraft:copper_ingot":1,"minecraft:bowl":4,"minecraft:carrot":25,"minecraft:redstone":235,"minecraft:netherite_pickaxe":6,"minecraft:arrow":541,"minecraft:diamond_chestplate":8,"minecraft:deepslate_bricks":1,"minecraft:shears":2,"minecraft:diamond_boots":7,"minecraft:hay_block":9,"minecraft:cracked_deepslate_bricks":6,"minecraft:gold_ingot":4,"minecraft:mutton":26,"minecraft:bone_block":66,"minecraft:skeleton_skull":3,"minecraft:white_wool":39,"minecraft:basalt":173,"minecraft:salmon":1,"minecraft:leather":25,"minecraft:filled_map":1,"minecraft:birch_planks":68,"minecraft:mushroom_stew":1,"minecraft:oak_log":351,"minecraft:cobblestone_wall":89,"minecraft:golden_boots":1,"minecraft:yellow_bed":6,"minecraft:gunpowder":19,"minecraft:cobblestone_stairs":27,"minecraft:paper":23,"minecraft:cooked_mutton":9,"minecraft:apple":7,"minecraft:gray_carpet":2,"minecraft:kelp":136,"minecraft:iron_ingot":37,"minecraft:stone_pickaxe":2,"minecraft:cooked_chicken":12,"minecraft:iron_sword":2,"minecraft:soul_sand":37,"minecraft:book":53,"minecraft:sculk_catalyst":6,"minecraft:quartz":80,"minecraft:dandelion":3,"minecraft:gravel":196,"minecraft:amethyst_shard":16,"minecraft:soul_torch":20,"minecraft:white_bed":3,"minecraft:spider_eye":5,"minecraft:firework_rocket":31,"minecraft:diamond_shovel":2,"minecraft:slime_ball":13,"minecraft:stone_axe":12,"minecraft:iron_helmet":1,"minecraft:diamond_axe":7,"minecraft:gray_wool":197,"minecraft:coal":442},"minecraft:killed":{"minecraft:witch":1,"minecraft:spider":8,"minecraft:cod":1,"minecraft:skeleton":45,"minecraft:chicken":19,"minecraft:silverfish":5,"minecraft:magma_cube":3,"minecraft:piglin":1,"minecraft:pig":18,"minecraft:salmon":1,"minecraft:iron_golem":6,"minecraft:creeper":4,"minecraft:sheep":12,"minecraft:zombie":50,"minecraft:ghast":2,"minecraft:cow":14,"minecraft:phantom":1,"minecraft:drowned":10,"minecraft:warden":1,"minecraft:bat":1,"minecraft:squid":1,"minecraft:breeze":2,"minecraft:enderman":1}},"DataVersion":3953}