{"stats":{"minecraft:broken":{"minecraft:iron_axe":1,"minecraft:stone_axe":2,"minecraft:wooden_axe":1},"minecraft:mined":{"minecraft:nether_gold_ore":20,"minecraft:tuff":505,"minecraft:deepslate_diamond_ore":31,"minecraft:oak_door":2,"minecraft:granite":31,"minecraft:grass_block":46,"minecraft:soul_soil":11,"minecraft:kelp":5,"minecraft:hay_block":1,"minecraft:tall_seagrass":2,"minecraft:magma_block":13,"minecraft:iron_ore":8,"minecraft:cobbled_deepslate":1,"minecraft:fire":39,"minecraft:andesite":25,"minecraft:fletching_table":4,"minecraft:deepslate_lapis_ore":8,"minecraft:gold_block":1,"minecraft:sculk_shrieker":4,"minecraft:dirt_path":2,"minecraft:deepslate_iron_ore":45,"minecraft:oak_stairs":1,"minecraft:stone":1187,"minecraft:bone_block":13,"minecraft:deepslate_redstone_ore":20,"minecraft:glass_pane":2,"minecraft:blackstone":44,"minecraft:soul_sand":8,"minecraft:kelp_plant":7,"minecraft:soul_fire":43,"minecraft:basalt":190,"minecraft:dandelion":2,"minecraft:oak_fence":1,"minecraft:crafting_table":4,"minecraft:torch":30,"minecraft:short_grass":32,"minecraft:sculk_sensor":1,"minecraft:beacon":4,"minecraft:chest":2,"minecraft:nether_quartz_ore":47,"minecraft:lectern":65,"minecraft:copper_ore":6,"minecraft:tall_grass":15,"minecraft:cobblestone":3,"minecraft:deepslate_gold_ore":40,"minecraft:sculk":85,"minecraft:diorite":143,"minecraft:wall_torch":5,"minecraft:deepslate_copper_ore":1,"minecraft:seagrass":1,"minecraft:white_terracotta":1,"minecraft:birch_planks":8,"minecraft:birch_log":56,"minecraft:birch_leaves":6,"minecraft:yellow_bed":4,"minecraft:oak_log":110,"minecraft:coal_ore":134,"minecraft:gravel":124,"minecraft:dirt":36,"minecraft:stonecutter":2,"minecraft:netherrack":854,"minecraft:oak_leaves":125,"minecraft:deepslate":1763},"minecraft:killed_by":{"minecraft:spider":1,"minecraft:warden":3,"minecraft:skeleton":4},"minecraft:used":{"minecraft:chest":2,"minecraft:white_terracotta":1,"minecraft:rotten_flesh":10,"minecraft:stone_hoe":76,"minecraft:cooked_chicken":10,"minecraft:netherrack":30,"minecraft:torch":259,"minecraft:dirt":60,"minecraft:mutton":2,"minecraft:wooden_axe":58,"minecraft:iron_axe":236,"minecraft:birch_sapling":2,"minecraft:bow":12,"minecraft:hay_block":1,"minecraft:soul_soil":1,"minecraft:oak_sapling":19,"minecraft:netherite_pickaxe":5308,"minecraft:gold_block":10,"minecraft:egg":4,"minecraft:cooked_beef":12,"minecraft:cobbled_deepslate":70,"minecraft:cooked_mutton":8,"minecraft:water_bucket":10,"minecraft:cobblestone_stairs":1,"minecraft:birch_planks":11,"minecraft:stone_pickaxe":24,"minecraft:wooden_pickaxe":30,"minecraft:diamond_axe":56,"minecraft:stonecutter":1,"minecraft:beacon":5,"minecraft:fletching_table":4,"minecraft:mushroom_stew":7,"minecraft:crafting_table":9,"minecraft:white_bed":6,"minecraft:oak_log":1,"minecraft:bread":11,"minecraft:lectern":65,"minecraft:gravel":4,"minecraft:stone_axe":248,"minecraft:cobblestone":15,"minecraft:cooked_porkchop":14,"minecraft:bucket":13,"minecraft:yellow_bed":3,"minecraft:dandelion":2,"minecraft:oak_boat":2,"minecraft:diamond_leggings":1,"minecraft:bone_meal":67},"minecraft:custom":{"minecraft:mob_kills":99,"minecraft:interact_with_crafting_table":33,"minecraft:bell_ring":12,"minecraft:leave_game":3,"minecraft:time_since_death":8432,"minecraft:sprint_one_cm":1212254,"minecraft:walk_one_cm":482735,"minecraft:drop":127,"minecraft:talked_to_villager":100,"minecraft:play_time":424386,"minecraft:sneak_time":16881,"minecraft:deaths":14,"minecraft:walk_under_water_one_cm":277295,"minecraft:boat_one_cm":154285,"minecraft:jump":5953,"minecraft:walk_on_water_one_cm":69322,"minecraft:total_world_time":424386,"minecraft:interact_with_furnace":78,"minecraft:traded_with_villager":31,"minecraft:interact_with_grindstone":1,"minecraft:sleep_in_bed":8,"minecraft:time_since_rest":8456,"minecraft:damage_taken":6817,"minecraft:damage_dealt":14322,"minecraft:interact_with_beacon":13,"minecraft:swim_one_cm":266837,"minecraft:fly_one_cm":845785,"minecraft:player_kills":1,"minecraft:open_chest":100,"minecraft:crouch_one_cm":37721,"minecraft:fall_one_cm":144814,"minecraft:horse_one_cm":1045},"minecraft:crafted":{"minecraft:oak_planks":392,"minecraft:cooked_chicken":16,"minecraft:birch_slab":12,"minecraft:cobblestone_stairs":4,"minecraft:bone_meal":94,"minecraft:bookshelf":1,"minecraft:cooked_mutton":15,"minecraft:diamond_helmet":1,"minecraft:diamond_leggings":1,"minecraft:iron_axe":2,"minecraft:stone_pickaxe":1,"minecraft:diamond_boots":1,"minecraft:stone_hoe":1,"minecraft:wheat":72,"minecraft:cooked_beef":17,"minecraft:emerald":31,"minecraft:cooked_porkchop":32,"minecraft:diamond_axe":1,"minecraft:crafting_table":5,"minecraft:wooden_pickaxe":1,"minecraft:bowl":4,"minecraft:gold_block":10,"minecraft:bucket":1,"minecraft:birch_planks":224,"minecraft:stone_axe":7,"minecraft:air":0,"minecraft:bread":24,"minecraft:oak_boat":1,"minecraft:lectern":1,"minecraft:book":7,"minecraft:stick":1016,"minecraft:wooden_axe":1,"minecraft:gold_ingot":94,"minecraft:white_bed":6,"minecraft:torch":299,"minecraft:shears":1,"minecraft:diamond_chestplate":1},"minecraft:dropped":{"minecraft:netherite_pickaxe":3,"minecraft:soul_sand":24,"minecraft:wheat_seeds":1,"minecraft:oak_log":1,"minecraft:cobblestone":64,"minecraft:dirt":10,"minecraft:diorite":64,"minecraft:gold_ingot":1,"minecraft:gravel":218,"minecraft:kelp":61,"minecraft:soul_soil":17,"minecraft:cobbled_deepslate":1259,"minecraft:tuff":390,"minecraft:rotten_flesh":5,"minecraft:white_bed":1,"minecraft:gunpowder":2,"minecraft:yellow_bed":1,"minecraft:quartz":11,"minecraft:netherrack":462,"minecraft:lectern":1},"minecraft:picked_up":{"minecraft:crafting_table":5,"minecraft:chicken":28,"minecraft:wooden_pickaxe":1,"minecraft:oak_stairs":1,"minecraft:gold_block":1,"minecraft:potion":1,"minecraft:string":2,"minecraft:raw_copper":36,"minecraft:soul_soil":18,"minecraft:iron_axe":2,"minecraft:blackstone":43,"minecraft:diamond_leggings":2,"minecraft:cobbled_deepslate":1497,"minecraft:gold_nugget":189,"minecraft:bucket":1,"minecraft:beef":30,"minecraft:oak_boat":3,"minecraft:poppy":3,"minecraft:lectern":66,"minecraft:chest":2,"minecraft:birch_sapling":5,"minecraft:egg":8,"minecraft:stick":72,"minecraft:raw_iron":124,"minecraft:oak_door":2,"minecraft:oak_fence":1,"minecraft:torch":373,"minecraft:porkchop":67,"minecraft:diorite":262,"minecraft:carrot":1,"minecraft:redstone":124,"minecraft:netherite_pickaxe":5,"minecraft:rotten_flesh":16,"minecraft:arrow":21,"minecraft:diamond_chestplate":2,"minecraft:shears":1,"minecraft:diamond_boots":2,"minecraft:hay_block":9,"minecraft:gold_ingot":4,"minecraft:white_terracotta":1,"minecraft:mutton":26,"minecraft:bone_block":9,"minecraft:white_wool":39,"minecraft:cobblestone":1764,"minecraft:birch_log":69,"minecraft:magma_block":9,"minecraft:cooked_beef":11,"minecraft:feather":26,"minecraft:basalt":173,"minecraft:andesite":50,"minecraft:water_bucket":1,"minecraft:leather":19,"minecraft:beacon":5,"minecraft:birch_planks":68,"minecraft:flint":126,"minecraft:tuff":390,"minecraft:oak_log":136,"minecraft:yellow_bed":5,"minecraft:gunpowder":4,"minecraft:lapis_lazuli":116,"minecraft:paper":23,"minecraft:dirt":84,"minecraft:cooked_mutton":9,"minecraft:bone":15,"minecraft:stonecutter":2,"minecraft:kelp":131,"minecraft:bow":3,"minecraft:wheat_seeds":10,"minecraft:raw_gold":96,"minecraft:iron_ingot":21,"minecraft:stone_pickaxe":2,"minecraft:cooked_chicken":8,"minecraft:fletching_table":4,"minecraft:diamond_helmet":2,"minecraft:stone_hoe":1,"minecraft:oak_planks":4,"minecraft:soul_sand":24,"minecraft:ghast_tear":1,"minecraft:cooked_porkchop":19,"minecraft:quartz":80,"minecraft:dandelion":2,"minecraft:oak_pressure_plate":1,"minecraft:gravel":171,"minecraft:ink_sac":2,"minecraft:white_bed":1,"minecraft:spider_eye":5,"minecraft:diamond":65,"minecraft:stone_axe":8,"minecraft:diamond_axe":1,"minecraft:granite":60,"minecraft:bone_meal":8,"minecraft:gray_wool":1,"minecraft:bread":32,"minecraft:oak_sapling":29,"minecraft:netherrack":749,"minecraft:coal":375},"minecraft:killed":{"minecraft:witch":1,"minecraft:spider":2,"minecraft:skeleton":11,"minecraft:chicken":16,"minecraft:drowned":3,"minecraft:pig":18,"minecraft:salmon":1,"minecraft:iron_golem":3,"minecraft:bat":1,"minecraft:creeper":1,"minecraft:squid":1,"minecraft:sheep":12,"minecraft:zombie":15,"minecraft:ghast":1,"minecraft:cow":12}},"DataVersion":3953}